VAR,Variable,UNIT,Measure,COU,Country,YEA,Year,Value,Flag Codes,Flags
MATIINFA,"Infant mortality, No minimum threshold of gestation period or birthweight",RATEPTTX,Deaths per 1 000 live births,AUS,Australia,2005,2005,4.9,,
MATIINFA,"Infant mortality, No minimum threshold of gestation period or birthweight",RATEPTTX,Deaths per 1 000 live births,AUS,Australia,2006,2006,4.7,,
MATIINFA,"Infant mortality, No minimum threshold of gestation period or birthweight",RATEPTTX,Deaths per 1 000 live births,AUS,Australia,2007,2007,4.1,,
MATIINFA,"Infant mortality, No minimum threshold of gestation period or birthweight",RATEPTTX,Deaths per 1 000 live births,AUS,Australia,2008,2008,4.1,,
MATIINFA,"Infant mortality, No minimum threshold of gestation period or birthweight",RATEPTTX,Deaths per 1 000 live births,AUS,Australia,2009,2009,4.2,,
MATIINFA,"Infant mortality, No minimum threshold of gestation period or birthweight",RATEPTTX,Deaths per 1 000 live births,AUS,Australia,2010,2010,4.1,,
MATIINFA,"Infant mortality, No minimum threshold of gestation period or birthweight",RATEPTTX,Deaths per 1 000 live births,AUS,Australia,2011,2011,3.8,,
MATIINFA,"Infant mortality, No minimum threshold of gestation period or birthweight",RATEPTTX,Deaths per 1 000 live births,AUS,Australia,2012,2012,3.3,,
MATIINFA,"Infant mortality, No minimum threshold of gestation period or birthweight",RATEPTTX,Deaths per 1 000 live births,AUS,Australia,2013,2013,3.6,,
MATIINFA,"Infant mortality, No minimum threshold of gestation period or birthweight",RATEPTTX,Deaths per 1 000 live births,AUS,Australia,2014,2014,3.4,,
MATIINFA,"Infant mortality, No minimum threshold of gestation period or birthweight",RATEPTTX,Deaths per 1 000 live births,AUS,Australia,2015,2015,3.2,,
MATIINFA,"Infant mortality, No minimum threshold of gestation period or birthweight",RATEPTTX,Deaths per 1 000 live births,AUS,Australia,2016,2016,3.1,,
MATIINFA,"Infant mortality, No minimum threshold of gestation period or birthweight",RATEPTTX,Deaths per 1 000 live births,AUS,Australia,2017,2017,3.3,,
MATIINFA,"Infant mortality, No minimum threshold of gestation period or birthweight",RATEPTTX,Deaths per 1 000 live births,AUS,Australia,2018,2018,3.1,,
MATIINFA,"Infant mortality, No minimum threshold of gestation period or birthweight",RATEPTTX,Deaths per 1 000 live births,AUT,Austria,2005,2005,4.2,,
MATIINFA,"Infant mortality, No minimum threshold of gestation period or birthweight",RATEPTTX,Deaths per 1 000 live births,AUT,Austria,2006,2006,3.6,,
MATIINFA,"Infant mortality, No minimum threshold of gestation period or birthweight",RATEPTTX,Deaths per 1 000 live births,AUT,Austria,2007,2007,3.7,,
MATIINFA,"Infant mortality, No minimum threshold of gestation period or birthweight",RATEPTTX,Deaths per 1 000 live births,AUT,Austria,2008,2008,3.7,,
MATIINFA,"Infant mortality, No minimum threshold of gestation period or birthweight",RATEPTTX,Deaths per 1 000 live births,AUT,Austria,2009,2009,3.8,,
MATIINFA,"Infant mortality, No minimum threshold of gestation period or birthweight",RATEPTTX,Deaths per 1 000 live births,AUT,Austria,2010,2010,3.9,,
MATIINFA,"Infant mortality, No minimum threshold of gestation period or birthweight",RATEPTTX,Deaths per 1 000 live births,AUT,Austria,2011,2011,3.6,,
MATIINFA,"Infant mortality, No minimum threshold of gestation period or birthweight",RATEPTTX,Deaths per 1 000 live births,AUT,Austria,2012,2012,3.2,,
MATIINFA,"Infant mortality, No minimum threshold of gestation period or birthweight",RATEPTTX,Deaths per 1 000 live births,AUT,Austria,2013,2013,3.1,,
MATIINFA,"Infant mortality, No minimum threshold of gestation period or birthweight",RATEPTTX,Deaths per 1 000 live births,AUT,Austria,2014,2014,3,,
MATIINFA,"Infant mortality, No minimum threshold of gestation period or birthweight",RATEPTTX,Deaths per 1 000 live births,AUT,Austria,2015,2015,3.1,,
MATIINFA,"Infant mortality, No minimum threshold of gestation period or birthweight",RATEPTTX,Deaths per 1 000 live births,AUT,Austria,2016,2016,3.1,,
MATIINFA,"Infant mortality, No minimum threshold of gestation period or birthweight",RATEPTTX,Deaths per 1 000 live births,AUT,Austria,2017,2017,2.9,,
MATIINFA,"Infant mortality, No minimum threshold of gestation period or birthweight",RATEPTTX,Deaths per 1 000 live births,AUT,Austria,2018,2018,2.7,,
MATIINFA,"Infant mortality, No minimum threshold of gestation period or birthweight",RATEPTTX,Deaths per 1 000 live births,BEL,Belgium,2005,2005,3.7,,
MATIINFA,"Infant mortality, No minimum threshold of gestation period or birthweight",RATEPTTX,Deaths per 1 000 live births,BEL,Belgium,2006,2006,4,,
MATIINFA,"Infant mortality, No minimum threshold of gestation period or birthweight",RATEPTTX,Deaths per 1 000 live births,BEL,Belgium,2007,2007,3.9,,
MATIINFA,"Infant mortality, No minimum threshold of gestation period or birthweight",RATEPTTX,Deaths per 1 000 live births,BEL,Belgium,2008,2008,3.8,,
MATIINFA,"Infant mortality, No minimum threshold of gestation period or birthweight",RATEPTTX,Deaths per 1 000 live births,BEL,Belgium,2009,2009,3.5,,
MATIINFA,"Infant mortality, No minimum threshold of gestation period or birthweight",RATEPTTX,Deaths per 1 000 live births,BEL,Belgium,2010,2010,3.6,,
MATIINFA,"Infant mortality, No minimum threshold of gestation period or birthweight",RATEPTTX,Deaths per 1 000 live births,BEL,Belgium,2011,2011,3.4,,
MATIINFA,"Infant mortality, No minimum threshold of gestation period or birthweight",RATEPTTX,Deaths per 1 000 live births,BEL,Belgium,2012,2012,3.8,,
MATIINFA,"Infant mortality, No minimum threshold of gestation period or birthweight",RATEPTTX,Deaths per 1 000 live births,BEL,Belgium,2013,2013,3.5,,
MATIINFA,"Infant mortality, No minimum threshold of gestation period or birthweight",RATEPTTX,Deaths per 1 000 live births,BEL,Belgium,2014,2014,3.4,,
MATIINFA,"Infant mortality, No minimum threshold of gestation period or birthweight",RATEPTTX,Deaths per 1 000 live births,BEL,Belgium,2015,2015,3.3,,
MATIINFA,"Infant mortality, No minimum threshold of gestation period or birthweight",RATEPTTX,Deaths per 1 000 live births,BEL,Belgium,2016,2016,3.2,,
MATIINFA,"Infant mortality, No minimum threshold of gestation period or birthweight",RATEPTTX,Deaths per 1 000 live births,BEL,Belgium,2017,2017,3.6,,
MATIINFA,"Infant mortality, No minimum threshold of gestation period or birthweight",RATEPTTX,Deaths per 1 000 live births,BEL,Belgium,2018,2018,3.8,,
MATIINFA,"Infant mortality, No minimum threshold of gestation period or birthweight",RATEPTTX,Deaths per 1 000 live births,CAN,Canada,2005,2005,5.4,,
MATIINFA,"Infant mortality, No minimum threshold of gestation period or birthweight",RATEPTTX,Deaths per 1 000 live births,CAN,Canada,2006,2006,5,,
MATIINFA,"Infant mortality, No minimum threshold of gestation period or birthweight",RATEPTTX,Deaths per 1 000 live births,CAN,Canada,2007,2007,5.1,,
MATIINFA,"Infant mortality, No minimum threshold of gestation period or birthweight",RATEPTTX,Deaths per 1 000 live births,CAN,Canada,2008,2008,5.1,,
MATIINFA,"Infant mortality, No minimum threshold of gestation period or birthweight",RATEPTTX,Deaths per 1 000 live births,CAN,Canada,2009,2009,4.9,,
MATIINFA,"Infant mortality, No minimum threshold of gestation period or birthweight",RATEPTTX,Deaths per 1 000 live births,CAN,Canada,2010,2010,5,,
MATIINFA,"Infant mortality, No minimum threshold of gestation period or birthweight",RATEPTTX,Deaths per 1 000 live births,CAN,Canada,2011,2011,4.9,,
MATIINFA,"Infant mortality, No minimum threshold of gestation period or birthweight",RATEPTTX,Deaths per 1 000 live births,CAN,Canada,2012,2012,4.8,,
MATIINFA,"Infant mortality, No minimum threshold of gestation period or birthweight",RATEPTTX,Deaths per 1 000 live births,CAN,Canada,2013,2013,5,,
MATIINFA,"Infant mortality, No minimum threshold of gestation period or birthweight",RATEPTTX,Deaths per 1 000 live births,CAN,Canada,2014,2014,4.7,,
MATIINFA,"Infant mortality, No minimum threshold of gestation period or birthweight",RATEPTTX,Deaths per 1 000 live births,CAN,Canada,2015,2015,4.5,,
MATIINFA,"Infant mortality, No minimum threshold of gestation period or birthweight",RATEPTTX,Deaths per 1 000 live births,CAN,Canada,2016,2016,4.5,,
MATIINFA,"Infant mortality, No minimum threshold of gestation period or birthweight",RATEPTTX,Deaths per 1 000 live births,CAN,Canada,2017,2017,4.5,,
MATIINFA,"Infant mortality, No minimum threshold of gestation period or birthweight",RATEPTTX,Deaths per 1 000 live births,CAN,Canada,2018,2018,4.7,,
MATIINFA,"Infant mortality, No minimum threshold of gestation period or birthweight",RATEPTTX,Deaths per 1 000 live births,CZE,Czech Republic,2005,2005,3.4,,
MATIINFA,"Infant mortality, No minimum threshold of gestation period or birthweight",RATEPTTX,Deaths per 1 000 live births,CZE,Czech Republic,2006,2006,3.3,,
MATIINFA,"Infant mortality, No minimum threshold of gestation period or birthweight",RATEPTTX,Deaths per 1 000 live births,CZE,Czech Republic,2007,2007,3.1,,
MATIINFA,"Infant mortality, No minimum threshold of gestation period or birthweight",RATEPTTX,Deaths per 1 000 live births,CZE,Czech Republic,2008,2008,2.8,,
MATIINFA,"Infant mortality, No minimum threshold of gestation period or birthweight",RATEPTTX,Deaths per 1 000 live births,CZE,Czech Republic,2009,2009,2.9,,
MATIINFA,"Infant mortality, No minimum threshold of gestation period or birthweight",RATEPTTX,Deaths per 1 000 live births,CZE,Czech Republic,2010,2010,2.7,,
MATIINFA,"Infant mortality, No minimum threshold of gestation period or birthweight",RATEPTTX,Deaths per 1 000 live births,CZE,Czech Republic,2011,2011,2.7,,
MATIINFA,"Infant mortality, No minimum threshold of gestation period or birthweight",RATEPTTX,Deaths per 1 000 live births,CZE,Czech Republic,2012,2012,2.6,,
MATIINFA,"Infant mortality, No minimum threshold of gestation period or birthweight",RATEPTTX,Deaths per 1 000 live births,CZE,Czech Republic,2013,2013,2.5,,
MATIINFA,"Infant mortality, No minimum threshold of gestation period or birthweight",RATEPTTX,Deaths per 1 000 live births,CZE,Czech Republic,2014,2014,2.4,,
MATIINFA,"Infant mortality, No minimum threshold of gestation period or birthweight",RATEPTTX,Deaths per 1 000 live births,CZE,Czech Republic,2015,2015,2.5,,
MATIINFA,"Infant mortality, No minimum threshold of gestation period or birthweight",RATEPTTX,Deaths per 1 000 live births,CZE,Czech Republic,2016,2016,2.8,,
MATIINFA,"Infant mortality, No minimum threshold of gestation period or birthweight",RATEPTTX,Deaths per 1 000 live births,CZE,Czech Republic,2017,2017,2.7,,
MATIINFA,"Infant mortality, No minimum threshold of gestation period or birthweight",RATEPTTX,Deaths per 1 000 live births,CZE,Czech Republic,2018,2018,2.6,,
MATIINFA,"Infant mortality, No minimum threshold of gestation period or birthweight",RATEPTTX,Deaths per 1 000 live births,DNK,Denmark,2005,2005,4.4,,
MATIINFA,"Infant mortality, No minimum threshold of gestation period or birthweight",RATEPTTX,Deaths per 1 000 live births,DNK,Denmark,2006,2006,3.5,,
MATIINFA,"Infant mortality, No minimum threshold of gestation period or birthweight",RATEPTTX,Deaths per 1 000 live births,DNK,Denmark,2007,2007,4,,
MATIINFA,"Infant mortality, No minimum threshold of gestation period or birthweight",RATEPTTX,Deaths per 1 000 live births,DNK,Denmark,2008,2008,4,,
MATIINFA,"Infant mortality, No minimum threshold of gestation period or birthweight",RATEPTTX,Deaths per 1 000 live births,DNK,Denmark,2009,2009,3.1,,
MATIINFA,"Infant mortality, No minimum threshold of gestation period or birthweight",RATEPTTX,Deaths per 1 000 live births,DNK,Denmark,2010,2010,3.4,,
MATIINFA,"Infant mortality, No minimum threshold of gestation period or birthweight",RATEPTTX,Deaths per 1 000 live births,DNK,Denmark,2011,2011,3.5,,
MATIINFA,"Infant mortality, No minimum threshold of gestation period or birthweight",RATEPTTX,Deaths per 1 000 live births,DNK,Denmark,2012,2012,3.4,,
MATIINFA,"Infant mortality, No minimum threshold of gestation period or birthweight",RATEPTTX,Deaths per 1 000 live births,DNK,Denmark,2013,2013,3.5,,
MATIINFA,"Infant mortality, No minimum threshold of gestation period or birthweight",RATEPTTX,Deaths per 1 000 live births,DNK,Denmark,2014,2014,4,,
MATIINFA,"Infant mortality, No minimum threshold of gestation period or birthweight",RATEPTTX,Deaths per 1 000 live births,DNK,Denmark,2015,2015,3.7,,
MATIINFA,"Infant mortality, No minimum threshold of gestation period or birthweight",RATEPTTX,Deaths per 1 000 live births,DNK,Denmark,2016,2016,3.1,,
MATIINFA,"Infant mortality, No minimum threshold of gestation period or birthweight",RATEPTTX,Deaths per 1 000 live births,DNK,Denmark,2017,2017,3.8,,
MATIINFA,"Infant mortality, No minimum threshold of gestation period or birthweight",RATEPTTX,Deaths per 1 000 live births,DNK,Denmark,2018,2018,3.7,,
MATIINFA,"Infant mortality, No minimum threshold of gestation period or birthweight",RATEPTTX,Deaths per 1 000 live births,FIN,Finland,2005,2005,3,,
MATIINFA,"Infant mortality, No minimum threshold of gestation period or birthweight",RATEPTTX,Deaths per 1 000 live births,FIN,Finland,2006,2006,2.8,,
MATIINFA,"Infant mortality, No minimum threshold of gestation period or birthweight",RATEPTTX,Deaths per 1 000 live births,FIN,Finland,2007,2007,2.7,,
MATIINFA,"Infant mortality, No minimum threshold of gestation period or birthweight",RATEPTTX,Deaths per 1 000 live births,FIN,Finland,2008,2008,2.6,,
MATIINFA,"Infant mortality, No minimum threshold of gestation period or birthweight",RATEPTTX,Deaths per 1 000 live births,FIN,Finland,2009,2009,2.6,,
MATIINFA,"Infant mortality, No minimum threshold of gestation period or birthweight",RATEPTTX,Deaths per 1 000 live births,FIN,Finland,2010,2010,2.3,,
MATIINFA,"Infant mortality, No minimum threshold of gestation period or birthweight",RATEPTTX,Deaths per 1 000 live births,FIN,Finland,2011,2011,2.4,,
MATIINFA,"Infant mortality, No minimum threshold of gestation period or birthweight",RATEPTTX,Deaths per 1 000 live births,FIN,Finland,2012,2012,2.4,,
MATIINFA,"Infant mortality, No minimum threshold of gestation period or birthweight",RATEPTTX,Deaths per 1 000 live births,FIN,Finland,2013,2013,1.8,,
MATIINFA,"Infant mortality, No minimum threshold of gestation period or birthweight",RATEPTTX,Deaths per 1 000 live births,FIN,Finland,2014,2014,2.2,,
MATIINFA,"Infant mortality, No minimum threshold of gestation period or birthweight",RATEPTTX,Deaths per 1 000 live births,FIN,Finland,2015,2015,1.7,,
MATIINFA,"Infant mortality, No minimum threshold of gestation period or birthweight",RATEPTTX,Deaths per 1 000 live births,FIN,Finland,2016,2016,1.9,,
MATIINFA,"Infant mortality, No minimum threshold of gestation period or birthweight",RATEPTTX,Deaths per 1 000 live births,FIN,Finland,2017,2017,2,,
MATIINFA,"Infant mortality, No minimum threshold of gestation period or birthweight",RATEPTTX,Deaths per 1 000 live births,FIN,Finland,2018,2018,2.1,,
MATIINFA,"Infant mortality, No minimum threshold of gestation period or birthweight",RATEPTTX,Deaths per 1 000 live births,FRA,France,2005,2005,3.8,,
MATIINFA,"Infant mortality, No minimum threshold of gestation period or birthweight",RATEPTTX,Deaths per 1 000 live births,FRA,France,2006,2006,3.8,,
MATIINFA,"Infant mortality, No minimum threshold of gestation period or birthweight",RATEPTTX,Deaths per 1 000 live births,FRA,France,2007,2007,3.8,,
MATIINFA,"Infant mortality, No minimum threshold of gestation period or birthweight",RATEPTTX,Deaths per 1 000 live births,FRA,France,2008,2008,3.8,,
MATIINFA,"Infant mortality, No minimum threshold of gestation period or birthweight",RATEPTTX,Deaths per 1 000 live births,FRA,France,2009,2009,3.9,B,Break
MATIINFA,"Infant mortality, No minimum threshold of gestation period or birthweight",RATEPTTX,Deaths per 1 000 live births,FRA,France,2010,2010,3.6,,
MATIINFA,"Infant mortality, No minimum threshold of gestation period or birthweight",RATEPTTX,Deaths per 1 000 live births,FRA,France,2011,2011,3.5,,
MATIINFA,"Infant mortality, No minimum threshold of gestation period or birthweight",RATEPTTX,Deaths per 1 000 live births,FRA,France,2012,2012,3.5,,
MATIINFA,"Infant mortality, No minimum threshold of gestation period or birthweight",RATEPTTX,Deaths per 1 000 live births,FRA,France,2013,2013,3.6,,
MATIINFA,"Infant mortality, No minimum threshold of gestation period or birthweight",RATEPTTX,Deaths per 1 000 live births,FRA,France,2014,2014,3.5,,
MATIINFA,"Infant mortality, No minimum threshold of gestation period or birthweight",RATEPTTX,Deaths per 1 000 live births,FRA,France,2015,2015,3.7,,
MATIINFA,"Infant mortality, No minimum threshold of gestation period or birthweight",RATEPTTX,Deaths per 1 000 live births,FRA,France,2016,2016,3.7,,
MATIINFA,"Infant mortality, No minimum threshold of gestation period or birthweight",RATEPTTX,Deaths per 1 000 live births,FRA,France,2017,2017,3.9,,
MATIINFA,"Infant mortality, No minimum threshold of gestation period or birthweight",RATEPTTX,Deaths per 1 000 live births,FRA,France,2018,2018,3.8,,
MATIINFA,"Infant mortality, No minimum threshold of gestation period or birthweight",RATEPTTX,Deaths per 1 000 live births,FRA,France,2019,2019,3.8,P,Provisional value
MATIINFA,"Infant mortality, No minimum threshold of gestation period or birthweight",RATEPTTX,Deaths per 1 000 live births,DEU,Germany,2005,2005,3.9,,
MATIINFA,"Infant mortality, No minimum threshold of gestation period or birthweight",RATEPTTX,Deaths per 1 000 live births,DEU,Germany,2006,2006,3.8,,
MATIINFA,"Infant mortality, No minimum threshold of gestation period or birthweight",RATEPTTX,Deaths per 1 000 live births,DEU,Germany,2007,2007,3.9,,
MATIINFA,"Infant mortality, No minimum threshold of gestation period or birthweight",RATEPTTX,Deaths per 1 000 live births,DEU,Germany,2008,2008,3.5,,
MATIINFA,"Infant mortality, No minimum threshold of gestation period or birthweight",RATEPTTX,Deaths per 1 000 live births,DEU,Germany,2009,2009,3.5,,
MATIINFA,"Infant mortality, No minimum threshold of gestation period or birthweight",RATEPTTX,Deaths per 1 000 live births,DEU,Germany,2010,2010,3.4,,
MATIINFA,"Infant mortality, No minimum threshold of gestation period or birthweight",RATEPTTX,Deaths per 1 000 live births,DEU,Germany,2011,2011,3.6,,
MATIINFA,"Infant mortality, No minimum threshold of gestation period or birthweight",RATEPTTX,Deaths per 1 000 live births,DEU,Germany,2012,2012,3.3,,
MATIINFA,"Infant mortality, No minimum threshold of gestation period or birthweight",RATEPTTX,Deaths per 1 000 live births,DEU,Germany,2013,2013,3.3,,
MATIINFA,"Infant mortality, No minimum threshold of gestation period or birthweight",RATEPTTX,Deaths per 1 000 live births,DEU,Germany,2014,2014,3.2,,
MATIINFA,"Infant mortality, No minimum threshold of gestation period or birthweight",RATEPTTX,Deaths per 1 000 live births,DEU,Germany,2015,2015,3.3,,
MATIINFA,"Infant mortality, No minimum threshold of gestation period or birthweight",RATEPTTX,Deaths per 1 000 live births,DEU,Germany,2016,2016,3.4,,
MATIINFA,"Infant mortality, No minimum threshold of gestation period or birthweight",RATEPTTX,Deaths per 1 000 live births,DEU,Germany,2017,2017,3.3,,
MATIINFA,"Infant mortality, No minimum threshold of gestation period or birthweight",RATEPTTX,Deaths per 1 000 live births,DEU,Germany,2018,2018,3.2,,
MATIINFA,"Infant mortality, No minimum threshold of gestation period or birthweight",RATEPTTX,Deaths per 1 000 live births,GRC,Greece,2005,2005,3.8,,
MATIINFA,"Infant mortality, No minimum threshold of gestation period or birthweight",RATEPTTX,Deaths per 1 000 live births,GRC,Greece,2006,2006,3.7,,
MATIINFA,"Infant mortality, No minimum threshold of gestation period or birthweight",RATEPTTX,Deaths per 1 000 live births,GRC,Greece,2007,2007,3.5,,
MATIINFA,"Infant mortality, No minimum threshold of gestation period or birthweight",RATEPTTX,Deaths per 1 000 live births,GRC,Greece,2008,2008,2.7,,
MATIINFA,"Infant mortality, No minimum threshold of gestation period or birthweight",RATEPTTX,Deaths per 1 000 live births,GRC,Greece,2009,2009,3.1,,
MATIINFA,"Infant mortality, No minimum threshold of gestation period or birthweight",RATEPTTX,Deaths per 1 000 live births,GRC,Greece,2010,2010,3.8,,
MATIINFA,"Infant mortality, No minimum threshold of gestation period or birthweight",RATEPTTX,Deaths per 1 000 live births,GRC,Greece,2011,2011,3.4,,
MATIINFA,"Infant mortality, No minimum threshold of gestation period or birthweight",RATEPTTX,Deaths per 1 000 live births,GRC,Greece,2012,2012,2.9,,
MATIINFA,"Infant mortality, No minimum threshold of gestation period or birthweight",RATEPTTX,Deaths per 1 000 live births,GRC,Greece,2013,2013,3.7,,
MATIINFA,"Infant mortality, No minimum threshold of gestation period or birthweight",RATEPTTX,Deaths per 1 000 live births,GRC,Greece,2014,2014,3.7,,
MATIINFA,"Infant mortality, No minimum threshold of gestation period or birthweight",RATEPTTX,Deaths per 1 000 live births,GRC,Greece,2015,2015,4,,
MATIINFA,"Infant mortality, No minimum threshold of gestation period or birthweight",RATEPTTX,Deaths per 1 000 live births,GRC,Greece,2016,2016,4.2,,
MATIINFA,"Infant mortality, No minimum threshold of gestation period or birthweight",RATEPTTX,Deaths per 1 000 live births,GRC,Greece,2017,2017,3.5,,
MATIINFA,"Infant mortality, No minimum threshold of gestation period or birthweight",RATEPTTX,Deaths per 1 000 live births,GRC,Greece,2018,2018,3.5,,
MATIINFA,"Infant mortality, No minimum threshold of gestation period or birthweight",RATEPTTX,Deaths per 1 000 live births,HUN,Hungary,2005,2005,6.2,,
MATIINFA,"Infant mortality, No minimum threshold of gestation period or birthweight",RATEPTTX,Deaths per 1 000 live births,HUN,Hungary,2006,2006,5.7,,
MATIINFA,"Infant mortality, No minimum threshold of gestation period or birthweight",RATEPTTX,Deaths per 1 000 live births,HUN,Hungary,2007,2007,5.9,,
MATIINFA,"Infant mortality, No minimum threshold of gestation period or birthweight",RATEPTTX,Deaths per 1 000 live births,HUN,Hungary,2008,2008,5.6,,
MATIINFA,"Infant mortality, No minimum threshold of gestation period or birthweight",RATEPTTX,Deaths per 1 000 live births,HUN,Hungary,2009,2009,5.1,,
MATIINFA,"Infant mortality, No minimum threshold of gestation period or birthweight",RATEPTTX,Deaths per 1 000 live births,HUN,Hungary,2010,2010,5.3,,
MATIINFA,"Infant mortality, No minimum threshold of gestation period or birthweight",RATEPTTX,Deaths per 1 000 live births,HUN,Hungary,2011,2011,4.9,,
MATIINFA,"Infant mortality, No minimum threshold of gestation period or birthweight",RATEPTTX,Deaths per 1 000 live births,HUN,Hungary,2012,2012,4.9,,
MATIINFA,"Infant mortality, No minimum threshold of gestation period or birthweight",RATEPTTX,Deaths per 1 000 live births,HUN,Hungary,2013,2013,5,,
MATIINFA,"Infant mortality, No minimum threshold of gestation period or birthweight",RATEPTTX,Deaths per 1 000 live births,HUN,Hungary,2014,2014,4.5,,
MATIINFA,"Infant mortality, No minimum threshold of gestation period or birthweight",RATEPTTX,Deaths per 1 000 live births,HUN,Hungary,2015,2015,4.2,,
MATIINFA,"Infant mortality, No minimum threshold of gestation period or birthweight",RATEPTTX,Deaths per 1 000 live births,HUN,Hungary,2016,2016,3.9,,
MATIINFA,"Infant mortality, No minimum threshold of gestation period or birthweight",RATEPTTX,Deaths per 1 000 live births,HUN,Hungary,2017,2017,3.5,,
MATIINFA,"Infant mortality, No minimum threshold of gestation period or birthweight",RATEPTTX,Deaths per 1 000 live births,HUN,Hungary,2018,2018,3.3,,
MATIINFA,"Infant mortality, No minimum threshold of gestation period or birthweight",RATEPTTX,Deaths per 1 000 live births,ISL,Iceland,2005,2005,2.3,,
MATIINFA,"Infant mortality, No minimum threshold of gestation period or birthweight",RATEPTTX,Deaths per 1 000 live births,ISL,Iceland,2006,2006,1.4,,
MATIINFA,"Infant mortality, No minimum threshold of gestation period or birthweight",RATEPTTX,Deaths per 1 000 live births,ISL,Iceland,2007,2007,2,,
MATIINFA,"Infant mortality, No minimum threshold of gestation period or birthweight",RATEPTTX,Deaths per 1 000 live births,ISL,Iceland,2008,2008,2.5,,
MATIINFA,"Infant mortality, No minimum threshold of gestation period or birthweight",RATEPTTX,Deaths per 1 000 live births,ISL,Iceland,2009,2009,1.8,,
MATIINFA,"Infant mortality, No minimum threshold of gestation period or birthweight",RATEPTTX,Deaths per 1 000 live births,ISL,Iceland,2010,2010,2.2,,
MATIINFA,"Infant mortality, No minimum threshold of gestation period or birthweight",RATEPTTX,Deaths per 1 000 live births,ISL,Iceland,2011,2011,0.9,,
MATIINFA,"Infant mortality, No minimum threshold of gestation period or birthweight",RATEPTTX,Deaths per 1 000 live births,ISL,Iceland,2012,2012,1.1,,
MATIINFA,"Infant mortality, No minimum threshold of gestation period or birthweight",RATEPTTX,Deaths per 1 000 live births,ISL,Iceland,2013,2013,1.8,,
MATIINFA,"Infant mortality, No minimum threshold of gestation period or birthweight",RATEPTTX,Deaths per 1 000 live births,ISL,Iceland,2014,2014,2.1,,
MATIINFA,"Infant mortality, No minimum threshold of gestation period or birthweight",RATEPTTX,Deaths per 1 000 live births,ISL,Iceland,2015,2015,2.2,,
MATIINFA,"Infant mortality, No minimum threshold of gestation period or birthweight",RATEPTTX,Deaths per 1 000 live births,ISL,Iceland,2016,2016,0.7,,
MATIINFA,"Infant mortality, No minimum threshold of gestation period or birthweight",RATEPTTX,Deaths per 1 000 live births,ISL,Iceland,2017,2017,2.7,,
MATIINFA,"Infant mortality, No minimum threshold of gestation period or birthweight",RATEPTTX,Deaths per 1 000 live births,ISL,Iceland,2018,2018,1.7,,
MATIINFA,"Infant mortality, No minimum threshold of gestation period or birthweight",RATEPTTX,Deaths per 1 000 live births,IRL,Ireland,2005,2005,3.8,,
MATIINFA,"Infant mortality, No minimum threshold of gestation period or birthweight",RATEPTTX,Deaths per 1 000 live births,IRL,Ireland,2006,2006,3.9,,
MATIINFA,"Infant mortality, No minimum threshold of gestation period or birthweight",RATEPTTX,Deaths per 1 000 live births,IRL,Ireland,2007,2007,3.2,,
MATIINFA,"Infant mortality, No minimum threshold of gestation period or birthweight",RATEPTTX,Deaths per 1 000 live births,IRL,Ireland,2008,2008,3.4,,
MATIINFA,"Infant mortality, No minimum threshold of gestation period or birthweight",RATEPTTX,Deaths per 1 000 live births,IRL,Ireland,2009,2009,3.3,,
MATIINFA,"Infant mortality, No minimum threshold of gestation period or birthweight",RATEPTTX,Deaths per 1 000 live births,IRL,Ireland,2010,2010,3.6,,
MATIINFA,"Infant mortality, No minimum threshold of gestation period or birthweight",RATEPTTX,Deaths per 1 000 live births,IRL,Ireland,2011,2011,3.5,,
MATIINFA,"Infant mortality, No minimum threshold of gestation period or birthweight",RATEPTTX,Deaths per 1 000 live births,IRL,Ireland,2012,2012,3.5,,
MATIINFA,"Infant mortality, No minimum threshold of gestation period or birthweight",RATEPTTX,Deaths per 1 000 live births,IRL,Ireland,2013,2013,3.6,,
MATIINFA,"Infant mortality, No minimum threshold of gestation period or birthweight",RATEPTTX,Deaths per 1 000 live births,IRL,Ireland,2014,2014,3.3,,
MATIINFA,"Infant mortality, No minimum threshold of gestation period or birthweight",RATEPTTX,Deaths per 1 000 live births,IRL,Ireland,2015,2015,3.4,,
MATIINFA,"Infant mortality, No minimum threshold of gestation period or birthweight",RATEPTTX,Deaths per 1 000 live births,IRL,Ireland,2016,2016,3,,
MATIINFA,"Infant mortality, No minimum threshold of gestation period or birthweight",RATEPTTX,Deaths per 1 000 live births,IRL,Ireland,2017,2017,3,,
MATIINFA,"Infant mortality, No minimum threshold of gestation period or birthweight",RATEPTTX,Deaths per 1 000 live births,IRL,Ireland,2018,2018,2.9,,
MATIINFA,"Infant mortality, No minimum threshold of gestation period or birthweight",RATEPTTX,Deaths per 1 000 live births,ITA,Italy,2005,2005,3.3,,
MATIINFA,"Infant mortality, No minimum threshold of gestation period or birthweight",RATEPTTX,Deaths per 1 000 live births,ITA,Italy,2006,2006,3.2,,
MATIINFA,"Infant mortality, No minimum threshold of gestation period or birthweight",RATEPTTX,Deaths per 1 000 live births,ITA,Italy,2007,2007,3.1,,
MATIINFA,"Infant mortality, No minimum threshold of gestation period or birthweight",RATEPTTX,Deaths per 1 000 live births,ITA,Italy,2008,2008,3.1,,
MATIINFA,"Infant mortality, No minimum threshold of gestation period or birthweight",RATEPTTX,Deaths per 1 000 live births,ITA,Italy,2009,2009,3.2,,
MATIINFA,"Infant mortality, No minimum threshold of gestation period or birthweight",RATEPTTX,Deaths per 1 000 live births,ITA,Italy,2010,2010,3,,
MATIINFA,"Infant mortality, No minimum threshold of gestation period or birthweight",RATEPTTX,Deaths per 1 000 live births,ITA,Italy,2011,2011,2.9,,
MATIINFA,"Infant mortality, No minimum threshold of gestation period or birthweight",RATEPTTX,Deaths per 1 000 live births,ITA,Italy,2012,2012,2.9,,
MATIINFA,"Infant mortality, No minimum threshold of gestation period or birthweight",RATEPTTX,Deaths per 1 000 live births,ITA,Italy,2013,2013,2.9,,
MATIINFA,"Infant mortality, No minimum threshold of gestation period or birthweight",RATEPTTX,Deaths per 1 000 live births,ITA,Italy,2014,2014,2.8,,
MATIINFA,"Infant mortality, No minimum threshold of gestation period or birthweight",RATEPTTX,Deaths per 1 000 live births,ITA,Italy,2015,2015,2.9,,
MATIINFA,"Infant mortality, No minimum threshold of gestation period or birthweight",RATEPTTX,Deaths per 1 000 live births,ITA,Italy,2016,2016,2.8,,
MATIINFA,"Infant mortality, No minimum threshold of gestation period or birthweight",RATEPTTX,Deaths per 1 000 live births,ITA,Italy,2017,2017,2.7,,
MATIINFA,"Infant mortality, No minimum threshold of gestation period or birthweight",RATEPTTX,Deaths per 1 000 live births,ITA,Italy,2018,2018,2.8,,
MATIINFA,"Infant mortality, No minimum threshold of gestation period or birthweight",RATEPTTX,Deaths per 1 000 live births,JPN,Japan,2005,2005,2.8,,
MATIINFA,"Infant mortality, No minimum threshold of gestation period or birthweight",RATEPTTX,Deaths per 1 000 live births,JPN,Japan,2006,2006,2.6,,
MATIINFA,"Infant mortality, No minimum threshold of gestation period or birthweight",RATEPTTX,Deaths per 1 000 live births,JPN,Japan,2007,2007,2.6,,
MATIINFA,"Infant mortality, No minimum threshold of gestation period or birthweight",RATEPTTX,Deaths per 1 000 live births,JPN,Japan,2008,2008,2.6,,
MATIINFA,"Infant mortality, No minimum threshold of gestation period or birthweight",RATEPTTX,Deaths per 1 000 live births,JPN,Japan,2009,2009,2.4,,
MATIINFA,"Infant mortality, No minimum threshold of gestation period or birthweight",RATEPTTX,Deaths per 1 000 live births,JPN,Japan,2010,2010,2.3,,
MATIINFA,"Infant mortality, No minimum threshold of gestation period or birthweight",RATEPTTX,Deaths per 1 000 live births,JPN,Japan,2011,2011,2.3,,
MATIINFA,"Infant mortality, No minimum threshold of gestation period or birthweight",RATEPTTX,Deaths per 1 000 live births,JPN,Japan,2012,2012,2.2,,
MATIINFA,"Infant mortality, No minimum threshold of gestation period or birthweight",RATEPTTX,Deaths per 1 000 live births,JPN,Japan,2013,2013,2.1,,
MATIINFA,"Infant mortality, No minimum threshold of gestation period or birthweight",RATEPTTX,Deaths per 1 000 live births,JPN,Japan,2014,2014,2.1,,
MATIINFA,"Infant mortality, No minimum threshold of gestation period or birthweight",RATEPTTX,Deaths per 1 000 live births,JPN,Japan,2015,2015,1.9,,
MATIINFA,"Infant mortality, No minimum threshold of gestation period or birthweight",RATEPTTX,Deaths per 1 000 live births,JPN,Japan,2016,2016,2,,
MATIINFA,"Infant mortality, No minimum threshold of gestation period or birthweight",RATEPTTX,Deaths per 1 000 live births,JPN,Japan,2017,2017,1.9,,
MATIINFA,"Infant mortality, No minimum threshold of gestation period or birthweight",RATEPTTX,Deaths per 1 000 live births,JPN,Japan,2018,2018,1.9,,
MATIINFA,"Infant mortality, No minimum threshold of gestation period or birthweight",RATEPTTX,Deaths per 1 000 live births,KOR,Korea,2005,2005,4.7,,
MATIINFA,"Infant mortality, No minimum threshold of gestation period or birthweight",RATEPTTX,Deaths per 1 000 live births,KOR,Korea,2006,2006,4.1,,
MATIINFA,"Infant mortality, No minimum threshold of gestation period or birthweight",RATEPTTX,Deaths per 1 000 live births,KOR,Korea,2007,2007,3.5,,
MATIINFA,"Infant mortality, No minimum threshold of gestation period or birthweight",RATEPTTX,Deaths per 1 000 live births,KOR,Korea,2008,2008,3.4,,
MATIINFA,"Infant mortality, No minimum threshold of gestation period or birthweight",RATEPTTX,Deaths per 1 000 live births,KOR,Korea,2009,2009,3.2,,
MATIINFA,"Infant mortality, No minimum threshold of gestation period or birthweight",RATEPTTX,Deaths per 1 000 live births,KOR,Korea,2010,2010,3.2,,
MATIINFA,"Infant mortality, No minimum threshold of gestation period or birthweight",RATEPTTX,Deaths per 1 000 live births,KOR,Korea,2011,2011,3,,
MATIINFA,"Infant mortality, No minimum threshold of gestation period or birthweight",RATEPTTX,Deaths per 1 000 live births,KOR,Korea,2012,2012,2.9,,
MATIINFA,"Infant mortality, No minimum threshold of gestation period or birthweight",RATEPTTX,Deaths per 1 000 live births,KOR,Korea,2013,2013,3,,
MATIINFA,"Infant mortality, No minimum threshold of gestation period or birthweight",RATEPTTX,Deaths per 1 000 live births,KOR,Korea,2014,2014,3,,
MATIINFA,"Infant mortality, No minimum threshold of gestation period or birthweight",RATEPTTX,Deaths per 1 000 live births,KOR,Korea,2015,2015,2.7,,
MATIINFA,"Infant mortality, No minimum threshold of gestation period or birthweight",RATEPTTX,Deaths per 1 000 live births,KOR,Korea,2016,2016,2.8,,
MATIINFA,"Infant mortality, No minimum threshold of gestation period or birthweight",RATEPTTX,Deaths per 1 000 live births,KOR,Korea,2017,2017,2.8,,
MATIINFA,"Infant mortality, No minimum threshold of gestation period or birthweight",RATEPTTX,Deaths per 1 000 live births,KOR,Korea,2018,2018,2.8,,
MATIINFA,"Infant mortality, No minimum threshold of gestation period or birthweight",RATEPTTX,Deaths per 1 000 live births,LUX,Luxembourg,2005,2005,2.6,,
MATIINFA,"Infant mortality, No minimum threshold of gestation period or birthweight",RATEPTTX,Deaths per 1 000 live births,LUX,Luxembourg,2006,2006,2.5,,
MATIINFA,"Infant mortality, No minimum threshold of gestation period or birthweight",RATEPTTX,Deaths per 1 000 live births,LUX,Luxembourg,2007,2007,1.8,,
MATIINFA,"Infant mortality, No minimum threshold of gestation period or birthweight",RATEPTTX,Deaths per 1 000 live births,LUX,Luxembourg,2008,2008,1.8,,
MATIINFA,"Infant mortality, No minimum threshold of gestation period or birthweight",RATEPTTX,Deaths per 1 000 live births,LUX,Luxembourg,2009,2009,2.5,,
MATIINFA,"Infant mortality, No minimum threshold of gestation period or birthweight",RATEPTTX,Deaths per 1 000 live births,LUX,Luxembourg,2010,2010,3.4,,
MATIINFA,"Infant mortality, No minimum threshold of gestation period or birthweight",RATEPTTX,Deaths per 1 000 live births,LUX,Luxembourg,2011,2011,4.3,,
MATIINFA,"Infant mortality, No minimum threshold of gestation period or birthweight",RATEPTTX,Deaths per 1 000 live births,LUX,Luxembourg,2012,2012,2.5,,
MATIINFA,"Infant mortality, No minimum threshold of gestation period or birthweight",RATEPTTX,Deaths per 1 000 live births,LUX,Luxembourg,2013,2013,3.9,,
MATIINFA,"Infant mortality, No minimum threshold of gestation period or birthweight",RATEPTTX,Deaths per 1 000 live births,LUX,Luxembourg,2014,2014,2.8,,
MATIINFA,"Infant mortality, No minimum threshold of gestation period or birthweight",RATEPTTX,Deaths per 1 000 live births,LUX,Luxembourg,2015,2015,2.8,,
MATIINFA,"Infant mortality, No minimum threshold of gestation period or birthweight",RATEPTTX,Deaths per 1 000 live births,LUX,Luxembourg,2016,2016,3.8,,
MATIINFA,"Infant mortality, No minimum threshold of gestation period or birthweight",RATEPTTX,Deaths per 1 000 live births,LUX,Luxembourg,2017,2017,3.2,,
MATIINFA,"Infant mortality, No minimum threshold of gestation period or birthweight",RATEPTTX,Deaths per 1 000 live births,LUX,Luxembourg,2018,2018,4.3,,
MATIINFA,"Infant mortality, No minimum threshold of gestation period or birthweight",RATEPTTX,Deaths per 1 000 live births,MEX,Mexico,2005,2005,18.3,,
MATIINFA,"Infant mortality, No minimum threshold of gestation period or birthweight",RATEPTTX,Deaths per 1 000 live births,MEX,Mexico,2006,2006,17.8,,
MATIINFA,"Infant mortality, No minimum threshold of gestation period or birthweight",RATEPTTX,Deaths per 1 000 live births,MEX,Mexico,2007,2007,17.3,,
MATIINFA,"Infant mortality, No minimum threshold of gestation period or birthweight",RATEPTTX,Deaths per 1 000 live births,MEX,Mexico,2008,2008,16.9,,
MATIINFA,"Infant mortality, No minimum threshold of gestation period or birthweight",RATEPTTX,Deaths per 1 000 live births,MEX,Mexico,2009,2009,16.5,,
MATIINFA,"Infant mortality, No minimum threshold of gestation period or birthweight",RATEPTTX,Deaths per 1 000 live births,MEX,Mexico,2010,2010,16.2,,
MATIINFA,"Infant mortality, No minimum threshold of gestation period or birthweight",RATEPTTX,Deaths per 1 000 live births,MEX,Mexico,2011,2011,15.3,B,Break
MATIINFA,"Infant mortality, No minimum threshold of gestation period or birthweight",RATEPTTX,Deaths per 1 000 live births,MEX,Mexico,2012,2012,14.8,,
MATIINFA,"Infant mortality, No minimum threshold of gestation period or birthweight",RATEPTTX,Deaths per 1 000 live births,MEX,Mexico,2013,2013,14.4,,
MATIINFA,"Infant mortality, No minimum threshold of gestation period or birthweight",RATEPTTX,Deaths per 1 000 live births,MEX,Mexico,2014,2014,13.6,,
MATIINFA,"Infant mortality, No minimum threshold of gestation period or birthweight",RATEPTTX,Deaths per 1 000 live births,MEX,Mexico,2015,2015,13.6,,
MATIINFA,"Infant mortality, No minimum threshold of gestation period or birthweight",RATEPTTX,Deaths per 1 000 live births,MEX,Mexico,2016,2016,13.4,,
MATIINFA,"Infant mortality, No minimum threshold of gestation period or birthweight",RATEPTTX,Deaths per 1 000 live births,MEX,Mexico,2017,2017,13.5,,
MATIINFA,"Infant mortality, No minimum threshold of gestation period or birthweight",RATEPTTX,Deaths per 1 000 live births,MEX,Mexico,2018,2018,12.9,,
MATIINFA,"Infant mortality, No minimum threshold of gestation period or birthweight",RATEPTTX,Deaths per 1 000 live births,NLD,Netherlands,2005,2005,4.9,,
MATIINFA,"Infant mortality, No minimum threshold of gestation period or birthweight",RATEPTTX,Deaths per 1 000 live births,NLD,Netherlands,2006,2006,4.4,,
MATIINFA,"Infant mortality, No minimum threshold of gestation period or birthweight",RATEPTTX,Deaths per 1 000 live births,NLD,Netherlands,2007,2007,4.1,,
MATIINFA,"Infant mortality, No minimum threshold of gestation period or birthweight",RATEPTTX,Deaths per 1 000 live births,NLD,Netherlands,2008,2008,3.8,,
MATIINFA,"Infant mortality, No minimum threshold of gestation period or birthweight",RATEPTTX,Deaths per 1 000 live births,NLD,Netherlands,2009,2009,3.8,,
MATIINFA,"Infant mortality, No minimum threshold of gestation period or birthweight",RATEPTTX,Deaths per 1 000 live births,NLD,Netherlands,2010,2010,3.8,,
MATIINFA,"Infant mortality, No minimum threshold of gestation period or birthweight",RATEPTTX,Deaths per 1 000 live births,NLD,Netherlands,2011,2011,3.6,,
MATIINFA,"Infant mortality, No minimum threshold of gestation period or birthweight",RATEPTTX,Deaths per 1 000 live births,NLD,Netherlands,2012,2012,3.7,,
MATIINFA,"Infant mortality, No minimum threshold of gestation period or birthweight",RATEPTTX,Deaths per 1 000 live births,NLD,Netherlands,2013,2013,3.8,,
MATIINFA,"Infant mortality, No minimum threshold of gestation period or birthweight",RATEPTTX,Deaths per 1 000 live births,NLD,Netherlands,2014,2014,3.6,,
MATIINFA,"Infant mortality, No minimum threshold of gestation period or birthweight",RATEPTTX,Deaths per 1 000 live births,NLD,Netherlands,2015,2015,3.3,,
MATIINFA,"Infant mortality, No minimum threshold of gestation period or birthweight",RATEPTTX,Deaths per 1 000 live births,NLD,Netherlands,2016,2016,3.5,,
MATIINFA,"Infant mortality, No minimum threshold of gestation period or birthweight",RATEPTTX,Deaths per 1 000 live births,NLD,Netherlands,2017,2017,3.6,,
MATIINFA,"Infant mortality, No minimum threshold of gestation period or birthweight",RATEPTTX,Deaths per 1 000 live births,NLD,Netherlands,2018,2018,3.5,,
MATIINFA,"Infant mortality, No minimum threshold of gestation period or birthweight",RATEPTTX,Deaths per 1 000 live births,NZL,New Zealand,2005,2005,5,,
MATIINFA,"Infant mortality, No minimum threshold of gestation period or birthweight",RATEPTTX,Deaths per 1 000 live births,NZL,New Zealand,2006,2006,5.1,,
MATIINFA,"Infant mortality, No minimum threshold of gestation period or birthweight",RATEPTTX,Deaths per 1 000 live births,NZL,New Zealand,2007,2007,4.8,,
MATIINFA,"Infant mortality, No minimum threshold of gestation period or birthweight",RATEPTTX,Deaths per 1 000 live births,NZL,New Zealand,2008,2008,5,,
MATIINFA,"Infant mortality, No minimum threshold of gestation period or birthweight",RATEPTTX,Deaths per 1 000 live births,NZL,New Zealand,2009,2009,5.2,,
MATIINFA,"Infant mortality, No minimum threshold of gestation period or birthweight",RATEPTTX,Deaths per 1 000 live births,NZL,New Zealand,2010,2010,5.5,,
MATIINFA,"Infant mortality, No minimum threshold of gestation period or birthweight",RATEPTTX,Deaths per 1 000 live births,NZL,New Zealand,2011,2011,5.2,,
MATIINFA,"Infant mortality, No minimum threshold of gestation period or birthweight",RATEPTTX,Deaths per 1 000 live births,NZL,New Zealand,2012,2012,4.7,,
MATIINFA,"Infant mortality, No minimum threshold of gestation period or birthweight",RATEPTTX,Deaths per 1 000 live births,NZL,New Zealand,2013,2013,5,,
MATIINFA,"Infant mortality, No minimum threshold of gestation period or birthweight",RATEPTTX,Deaths per 1 000 live births,NZL,New Zealand,2014,2014,5.7,,
MATIINFA,"Infant mortality, No minimum threshold of gestation period or birthweight",RATEPTTX,Deaths per 1 000 live births,NZL,New Zealand,2015,2015,4.3,,
MATIINFA,"Infant mortality, No minimum threshold of gestation period or birthweight",RATEPTTX,Deaths per 1 000 live births,NZL,New Zealand,2016,2016,4.2,,
MATIINFA,"Infant mortality, No minimum threshold of gestation period or birthweight",RATEPTTX,Deaths per 1 000 live births,NOR,Norway,2005,2005,2.8,,
MATIINFA,"Infant mortality, No minimum threshold of gestation period or birthweight",RATEPTTX,Deaths per 1 000 live births,NOR,Norway,2006,2006,3.3,,
MATIINFA,"Infant mortality, No minimum threshold of gestation period or birthweight",RATEPTTX,Deaths per 1 000 live births,NOR,Norway,2007,2007,3.1,,
MATIINFA,"Infant mortality, No minimum threshold of gestation period or birthweight",RATEPTTX,Deaths per 1 000 live births,NOR,Norway,2008,2008,3,,
MATIINFA,"Infant mortality, No minimum threshold of gestation period or birthweight",RATEPTTX,Deaths per 1 000 live births,NOR,Norway,2009,2009,3.2,,
MATIINFA,"Infant mortality, No minimum threshold of gestation period or birthweight",RATEPTTX,Deaths per 1 000 live births,NOR,Norway,2010,2010,2.5,,
MATIINFA,"Infant mortality, No minimum threshold of gestation period or birthweight",RATEPTTX,Deaths per 1 000 live births,NOR,Norway,2011,2011,2.4,,
MATIINFA,"Infant mortality, No minimum threshold of gestation period or birthweight",RATEPTTX,Deaths per 1 000 live births,NOR,Norway,2012,2012,2.6,,
MATIINFA,"Infant mortality, No minimum threshold of gestation period or birthweight",RATEPTTX,Deaths per 1 000 live births,NOR,Norway,2013,2013,2.4,,
MATIINFA,"Infant mortality, No minimum threshold of gestation period or birthweight",RATEPTTX,Deaths per 1 000 live births,NOR,Norway,2014,2014,2.5,,
MATIINFA,"Infant mortality, No minimum threshold of gestation period or birthweight",RATEPTTX,Deaths per 1 000 live births,NOR,Norway,2015,2015,2.2,,
MATIINFA,"Infant mortality, No minimum threshold of gestation period or birthweight",RATEPTTX,Deaths per 1 000 live births,NOR,Norway,2016,2016,2.2,,
MATIINFA,"Infant mortality, No minimum threshold of gestation period or birthweight",RATEPTTX,Deaths per 1 000 live births,NOR,Norway,2017,2017,2.2,,
MATIINFA,"Infant mortality, No minimum threshold of gestation period or birthweight",RATEPTTX,Deaths per 1 000 live births,NOR,Norway,2018,2018,2.3,,
MATIINFA,"Infant mortality, No minimum threshold of gestation period or birthweight",RATEPTTX,Deaths per 1 000 live births,POL,Poland,2005,2005,6.4,,
MATIINFA,"Infant mortality, No minimum threshold of gestation period or birthweight",RATEPTTX,Deaths per 1 000 live births,POL,Poland,2006,2006,6,,
MATIINFA,"Infant mortality, No minimum threshold of gestation period or birthweight",RATEPTTX,Deaths per 1 000 live births,POL,Poland,2007,2007,6,,
MATIINFA,"Infant mortality, No minimum threshold of gestation period or birthweight",RATEPTTX,Deaths per 1 000 live births,POL,Poland,2008,2008,5.6,,
MATIINFA,"Infant mortality, No minimum threshold of gestation period or birthweight",RATEPTTX,Deaths per 1 000 live births,POL,Poland,2009,2009,5.6,,
MATIINFA,"Infant mortality, No minimum threshold of gestation period or birthweight",RATEPTTX,Deaths per 1 000 live births,POL,Poland,2010,2010,5,,
MATIINFA,"Infant mortality, No minimum threshold of gestation period or birthweight",RATEPTTX,Deaths per 1 000 live births,POL,Poland,2011,2011,4.7,,
MATIINFA,"Infant mortality, No minimum threshold of gestation period or birthweight",RATEPTTX,Deaths per 1 000 live births,POL,Poland,2012,2012,4.6,,
MATIINFA,"Infant mortality, No minimum threshold of gestation period or birthweight",RATEPTTX,Deaths per 1 000 live births,POL,Poland,2013,2013,4.6,,
MATIINFA,"Infant mortality, No minimum threshold of gestation period or birthweight",RATEPTTX,Deaths per 1 000 live births,POL,Poland,2014,2014,4.2,,
MATIINFA,"Infant mortality, No minimum threshold of gestation period or birthweight",RATEPTTX,Deaths per 1 000 live births,POL,Poland,2015,2015,4,,
MATIINFA,"Infant mortality, No minimum threshold of gestation period or birthweight",RATEPTTX,Deaths per 1 000 live births,POL,Poland,2016,2016,4,,
MATIINFA,"Infant mortality, No minimum threshold of gestation period or birthweight",RATEPTTX,Deaths per 1 000 live births,POL,Poland,2017,2017,4,,
MATIINFA,"Infant mortality, No minimum threshold of gestation period or birthweight",RATEPTTX,Deaths per 1 000 live births,POL,Poland,2018,2018,3.8,,
MATIINFA,"Infant mortality, No minimum threshold of gestation period or birthweight",RATEPTTX,Deaths per 1 000 live births,PRT,Portugal,2005,2005,3.5,,
MATIINFA,"Infant mortality, No minimum threshold of gestation period or birthweight",RATEPTTX,Deaths per 1 000 live births,PRT,Portugal,2006,2006,3.3,,
MATIINFA,"Infant mortality, No minimum threshold of gestation period or birthweight",RATEPTTX,Deaths per 1 000 live births,PRT,Portugal,2007,2007,3.4,,
MATIINFA,"Infant mortality, No minimum threshold of gestation period or birthweight",RATEPTTX,Deaths per 1 000 live births,PRT,Portugal,2008,2008,3.3,,
MATIINFA,"Infant mortality, No minimum threshold of gestation period or birthweight",RATEPTTX,Deaths per 1 000 live births,PRT,Portugal,2009,2009,3.6,,
MATIINFA,"Infant mortality, No minimum threshold of gestation period or birthweight",RATEPTTX,Deaths per 1 000 live births,PRT,Portugal,2010,2010,2.5,,
MATIINFA,"Infant mortality, No minimum threshold of gestation period or birthweight",RATEPTTX,Deaths per 1 000 live births,PRT,Portugal,2011,2011,3.1,,
MATIINFA,"Infant mortality, No minimum threshold of gestation period or birthweight",RATEPTTX,Deaths per 1 000 live births,PRT,Portugal,2012,2012,3.4,,
MATIINFA,"Infant mortality, No minimum threshold of gestation period or birthweight",RATEPTTX,Deaths per 1 000 live births,PRT,Portugal,2013,2013,2.9,,
MATIINFA,"Infant mortality, No minimum threshold of gestation period or birthweight",RATEPTTX,Deaths per 1 000 live births,PRT,Portugal,2014,2014,2.9,,
MATIINFA,"Infant mortality, No minimum threshold of gestation period or birthweight",RATEPTTX,Deaths per 1 000 live births,PRT,Portugal,2015,2015,2.9,,
MATIINFA,"Infant mortality, No minimum threshold of gestation period or birthweight",RATEPTTX,Deaths per 1 000 live births,PRT,Portugal,2016,2016,3.2,,
MATIINFA,"Infant mortality, No minimum threshold of gestation period or birthweight",RATEPTTX,Deaths per 1 000 live births,PRT,Portugal,2017,2017,2.7,,
MATIINFA,"Infant mortality, No minimum threshold of gestation period or birthweight",RATEPTTX,Deaths per 1 000 live births,PRT,Portugal,2018,2018,3.3,,
MATIINFA,"Infant mortality, No minimum threshold of gestation period or birthweight",RATEPTTX,Deaths per 1 000 live births,SVK,Slovak Republic,2005,2005,7.2,,
MATIINFA,"Infant mortality, No minimum threshold of gestation period or birthweight",RATEPTTX,Deaths per 1 000 live births,SVK,Slovak Republic,2006,2006,6.6,,
MATIINFA,"Infant mortality, No minimum threshold of gestation period or birthweight",RATEPTTX,Deaths per 1 000 live births,SVK,Slovak Republic,2007,2007,6.1,,
MATIINFA,"Infant mortality, No minimum threshold of gestation period or birthweight",RATEPTTX,Deaths per 1 000 live births,SVK,Slovak Republic,2008,2008,5.9,,
MATIINFA,"Infant mortality, No minimum threshold of gestation period or birthweight",RATEPTTX,Deaths per 1 000 live births,SVK,Slovak Republic,2009,2009,5.7,,
MATIINFA,"Infant mortality, No minimum threshold of gestation period or birthweight",RATEPTTX,Deaths per 1 000 live births,SVK,Slovak Republic,2010,2010,5.7,,
MATIINFA,"Infant mortality, No minimum threshold of gestation period or birthweight",RATEPTTX,Deaths per 1 000 live births,SVK,Slovak Republic,2011,2011,4.9,,
MATIINFA,"Infant mortality, No minimum threshold of gestation period or birthweight",RATEPTTX,Deaths per 1 000 live births,SVK,Slovak Republic,2012,2012,5.8,,
MATIINFA,"Infant mortality, No minimum threshold of gestation period or birthweight",RATEPTTX,Deaths per 1 000 live births,SVK,Slovak Republic,2013,2013,5.5,,
MATIINFA,"Infant mortality, No minimum threshold of gestation period or birthweight",RATEPTTX,Deaths per 1 000 live births,SVK,Slovak Republic,2014,2014,5.8,,
MATIINFA,"Infant mortality, No minimum threshold of gestation period or birthweight",RATEPTTX,Deaths per 1 000 live births,SVK,Slovak Republic,2015,2015,5.1,,
MATIINFA,"Infant mortality, No minimum threshold of gestation period or birthweight",RATEPTTX,Deaths per 1 000 live births,SVK,Slovak Republic,2016,2016,5.4,,
MATIINFA,"Infant mortality, No minimum threshold of gestation period or birthweight",RATEPTTX,Deaths per 1 000 live births,SVK,Slovak Republic,2017,2017,4.5,,
MATIINFA,"Infant mortality, No minimum threshold of gestation period or birthweight",RATEPTTX,Deaths per 1 000 live births,SVK,Slovak Republic,2018,2018,5,,
MATIINFA,"Infant mortality, No minimum threshold of gestation period or birthweight",RATEPTTX,Deaths per 1 000 live births,SVK,Slovak Republic,2019,2019,5.1,,
MATIINFA,"Infant mortality, No minimum threshold of gestation period or birthweight",RATEPTTX,Deaths per 1 000 live births,ESP,Spain,2005,2005,3.7,,
MATIINFA,"Infant mortality, No minimum threshold of gestation period or birthweight",RATEPTTX,Deaths per 1 000 live births,ESP,Spain,2006,2006,3.5,,
MATIINFA,"Infant mortality, No minimum threshold of gestation period or birthweight",RATEPTTX,Deaths per 1 000 live births,ESP,Spain,2007,2007,3.4,,
MATIINFA,"Infant mortality, No minimum threshold of gestation period or birthweight",RATEPTTX,Deaths per 1 000 live births,ESP,Spain,2008,2008,3.3,,
MATIINFA,"Infant mortality, No minimum threshold of gestation period or birthweight",RATEPTTX,Deaths per 1 000 live births,ESP,Spain,2009,2009,3.2,,
MATIINFA,"Infant mortality, No minimum threshold of gestation period or birthweight",RATEPTTX,Deaths per 1 000 live births,ESP,Spain,2010,2010,3.2,,
MATIINFA,"Infant mortality, No minimum threshold of gestation period or birthweight",RATEPTTX,Deaths per 1 000 live births,ESP,Spain,2011,2011,3.1,,
MATIINFA,"Infant mortality, No minimum threshold of gestation period or birthweight",RATEPTTX,Deaths per 1 000 live births,ESP,Spain,2012,2012,3.1,,
MATIINFA,"Infant mortality, No minimum threshold of gestation period or birthweight",RATEPTTX,Deaths per 1 000 live births,ESP,Spain,2013,2013,2.7,,
MATIINFA,"Infant mortality, No minimum threshold of gestation period or birthweight",RATEPTTX,Deaths per 1 000 live births,ESP,Spain,2014,2014,2.8,,
MATIINFA,"Infant mortality, No minimum threshold of gestation period or birthweight",RATEPTTX,Deaths per 1 000 live births,ESP,Spain,2015,2015,2.7,,
MATIINFA,"Infant mortality, No minimum threshold of gestation period or birthweight",RATEPTTX,Deaths per 1 000 live births,ESP,Spain,2016,2016,2.7,,
MATIINFA,"Infant mortality, No minimum threshold of gestation period or birthweight",RATEPTTX,Deaths per 1 000 live births,ESP,Spain,2017,2017,2.7,,
MATIINFA,"Infant mortality, No minimum threshold of gestation period or birthweight",RATEPTTX,Deaths per 1 000 live births,ESP,Spain,2018,2018,2.7,,
MATIINFA,"Infant mortality, No minimum threshold of gestation period or birthweight",RATEPTTX,Deaths per 1 000 live births,SWE,Sweden,2005,2005,2.4,,
MATIINFA,"Infant mortality, No minimum threshold of gestation period or birthweight",RATEPTTX,Deaths per 1 000 live births,SWE,Sweden,2006,2006,2.8,,
MATIINFA,"Infant mortality, No minimum threshold of gestation period or birthweight",RATEPTTX,Deaths per 1 000 live births,SWE,Sweden,2007,2007,2.5,,
MATIINFA,"Infant mortality, No minimum threshold of gestation period or birthweight",RATEPTTX,Deaths per 1 000 live births,SWE,Sweden,2008,2008,2.5,,
MATIINFA,"Infant mortality, No minimum threshold of gestation period or birthweight",RATEPTTX,Deaths per 1 000 live births,SWE,Sweden,2009,2009,2.5,,
MATIINFA,"Infant mortality, No minimum threshold of gestation period or birthweight",RATEPTTX,Deaths per 1 000 live births,SWE,Sweden,2010,2010,2.5,,
MATIINFA,"Infant mortality, No minimum threshold of gestation period or birthweight",RATEPTTX,Deaths per 1 000 live births,SWE,Sweden,2011,2011,2.1,,
MATIINFA,"Infant mortality, No minimum threshold of gestation period or birthweight",RATEPTTX,Deaths per 1 000 live births,SWE,Sweden,2012,2012,2.6,,
MATIINFA,"Infant mortality, No minimum threshold of gestation period or birthweight",RATEPTTX,Deaths per 1 000 live births,SWE,Sweden,2013,2013,2.7,,
MATIINFA,"Infant mortality, No minimum threshold of gestation period or birthweight",RATEPTTX,Deaths per 1 000 live births,SWE,Sweden,2014,2014,2.2,,
MATIINFA,"Infant mortality, No minimum threshold of gestation period or birthweight",RATEPTTX,Deaths per 1 000 live births,SWE,Sweden,2015,2015,2.5,,
MATIINFA,"Infant mortality, No minimum threshold of gestation period or birthweight",RATEPTTX,Deaths per 1 000 live births,SWE,Sweden,2016,2016,2.5,,
MATIINFA,"Infant mortality, No minimum threshold of gestation period or birthweight",RATEPTTX,Deaths per 1 000 live births,SWE,Sweden,2017,2017,2.4,,
MATIINFA,"Infant mortality, No minimum threshold of gestation period or birthweight",RATEPTTX,Deaths per 1 000 live births,SWE,Sweden,2018,2018,2,,
MATIINFA,"Infant mortality, No minimum threshold of gestation period or birthweight",RATEPTTX,Deaths per 1 000 live births,CHE,Switzerland,2005,2005,4.2,,
MATIINFA,"Infant mortality, No minimum threshold of gestation period or birthweight",RATEPTTX,Deaths per 1 000 live births,CHE,Switzerland,2006,2006,4.4,,
MATIINFA,"Infant mortality, No minimum threshold of gestation period or birthweight",RATEPTTX,Deaths per 1 000 live births,CHE,Switzerland,2007,2007,3.9,,
MATIINFA,"Infant mortality, No minimum threshold of gestation period or birthweight",RATEPTTX,Deaths per 1 000 live births,CHE,Switzerland,2008,2008,4,,
MATIINFA,"Infant mortality, No minimum threshold of gestation period or birthweight",RATEPTTX,Deaths per 1 000 live births,CHE,Switzerland,2009,2009,4.3,,
MATIINFA,"Infant mortality, No minimum threshold of gestation period or birthweight",RATEPTTX,Deaths per 1 000 live births,CHE,Switzerland,2010,2010,3.8,,
MATIINFA,"Infant mortality, No minimum threshold of gestation period or birthweight",RATEPTTX,Deaths per 1 000 live births,CHE,Switzerland,2011,2011,3.8,,
MATIINFA,"Infant mortality, No minimum threshold of gestation period or birthweight",RATEPTTX,Deaths per 1 000 live births,CHE,Switzerland,2012,2012,3.6,,
MATIINFA,"Infant mortality, No minimum threshold of gestation period or birthweight",RATEPTTX,Deaths per 1 000 live births,CHE,Switzerland,2013,2013,3.9,,
MATIINFA,"Infant mortality, No minimum threshold of gestation period or birthweight",RATEPTTX,Deaths per 1 000 live births,CHE,Switzerland,2014,2014,3.9,,
MATIINFA,"Infant mortality, No minimum threshold of gestation period or birthweight",RATEPTTX,Deaths per 1 000 live births,CHE,Switzerland,2015,2015,3.9,,
MATIINFA,"Infant mortality, No minimum threshold of gestation period or birthweight",RATEPTTX,Deaths per 1 000 live births,CHE,Switzerland,2016,2016,3.6,,
MATIINFA,"Infant mortality, No minimum threshold of gestation period or birthweight",RATEPTTX,Deaths per 1 000 live births,CHE,Switzerland,2017,2017,3.5,,
MATIINFA,"Infant mortality, No minimum threshold of gestation period or birthweight",RATEPTTX,Deaths per 1 000 live births,CHE,Switzerland,2018,2018,3.3,,
MATIINFA,"Infant mortality, No minimum threshold of gestation period or birthweight",RATEPTTX,Deaths per 1 000 live births,TUR,Turkey,2008,2008,17,,
MATIINFA,"Infant mortality, No minimum threshold of gestation period or birthweight",RATEPTTX,Deaths per 1 000 live births,TUR,Turkey,2012,2012,9.5,,
MATIINFA,"Infant mortality, No minimum threshold of gestation period or birthweight",RATEPTTX,Deaths per 1 000 live births,TUR,Turkey,2013,2013,10.1,,
MATIINFA,"Infant mortality, No minimum threshold of gestation period or birthweight",RATEPTTX,Deaths per 1 000 live births,TUR,Turkey,2014,2014,10.2,,
MATIINFA,"Infant mortality, No minimum threshold of gestation period or birthweight",RATEPTTX,Deaths per 1 000 live births,TUR,Turkey,2015,2015,10,,
MATIINFA,"Infant mortality, No minimum threshold of gestation period or birthweight",RATEPTTX,Deaths per 1 000 live births,TUR,Turkey,2016,2016,9.7,,
MATIINFA,"Infant mortality, No minimum threshold of gestation period or birthweight",RATEPTTX,Deaths per 1 000 live births,TUR,Turkey,2017,2017,9,,
MATIINFA,"Infant mortality, No minimum threshold of gestation period or birthweight",RATEPTTX,Deaths per 1 000 live births,TUR,Turkey,2018,2018,9.2,,
MATIINFA,"Infant mortality, No minimum threshold of gestation period or birthweight",RATEPTTX,Deaths per 1 000 live births,GBR,United Kingdom,2005,2005,5.1,,
MATIINFA,"Infant mortality, No minimum threshold of gestation period or birthweight",RATEPTTX,Deaths per 1 000 live births,GBR,United Kingdom,2006,2006,4.9,,
MATIINFA,"Infant mortality, No minimum threshold of gestation period or birthweight",RATEPTTX,Deaths per 1 000 live births,GBR,United Kingdom,2007,2007,4.7,,
MATIINFA,"Infant mortality, No minimum threshold of gestation period or birthweight",RATEPTTX,Deaths per 1 000 live births,GBR,United Kingdom,2008,2008,4.6,,
MATIINFA,"Infant mortality, No minimum threshold of gestation period or birthweight",RATEPTTX,Deaths per 1 000 live births,GBR,United Kingdom,2009,2009,4.5,,
MATIINFA,"Infant mortality, No minimum threshold of gestation period or birthweight",RATEPTTX,Deaths per 1 000 live births,GBR,United Kingdom,2010,2010,4.2,,
MATIINFA,"Infant mortality, No minimum threshold of gestation period or birthweight",RATEPTTX,Deaths per 1 000 live births,GBR,United Kingdom,2011,2011,4.2,,
MATIINFA,"Infant mortality, No minimum threshold of gestation period or birthweight",RATEPTTX,Deaths per 1 000 live births,GBR,United Kingdom,2012,2012,4,,
MATIINFA,"Infant mortality, No minimum threshold of gestation period or birthweight",RATEPTTX,Deaths per 1 000 live births,GBR,United Kingdom,2013,2013,3.9,,
MATIINFA,"Infant mortality, No minimum threshold of gestation period or birthweight",RATEPTTX,Deaths per 1 000 live births,GBR,United Kingdom,2014,2014,3.9,,
MATIINFA,"Infant mortality, No minimum threshold of gestation period or birthweight",RATEPTTX,Deaths per 1 000 live births,GBR,United Kingdom,2015,2015,3.9,,
MATIINFA,"Infant mortality, No minimum threshold of gestation period or birthweight",RATEPTTX,Deaths per 1 000 live births,GBR,United Kingdom,2016,2016,3.8,,
MATIINFA,"Infant mortality, No minimum threshold of gestation period or birthweight",RATEPTTX,Deaths per 1 000 live births,GBR,United Kingdom,2017,2017,3.9,,
MATIINFA,"Infant mortality, No minimum threshold of gestation period or birthweight",RATEPTTX,Deaths per 1 000 live births,GBR,United Kingdom,2018,2018,3.9,,
MATIINFA,"Infant mortality, No minimum threshold of gestation period or birthweight",RATEPTTX,Deaths per 1 000 live births,USA,United States,2005,2005,6.9,,
MATIINFA,"Infant mortality, No minimum threshold of gestation period or birthweight",RATEPTTX,Deaths per 1 000 live births,USA,United States,2006,2006,6.7,,
MATIINFA,"Infant mortality, No minimum threshold of gestation period or birthweight",RATEPTTX,Deaths per 1 000 live births,USA,United States,2007,2007,6.8,,
MATIINFA,"Infant mortality, No minimum threshold of gestation period or birthweight",RATEPTTX,Deaths per 1 000 live births,USA,United States,2008,2008,6.6,,
MATIINFA,"Infant mortality, No minimum threshold of gestation period or birthweight",RATEPTTX,Deaths per 1 000 live births,USA,United States,2009,2009,6.4,,
MATIINFA,"Infant mortality, No minimum threshold of gestation period or birthweight",RATEPTTX,Deaths per 1 000 live births,USA,United States,2010,2010,6.1,,
MATIINFA,"Infant mortality, No minimum threshold of gestation period or birthweight",RATEPTTX,Deaths per 1 000 live births,USA,United States,2011,2011,6.1,,
MATIINFA,"Infant mortality, No minimum threshold of gestation period or birthweight",RATEPTTX,Deaths per 1 000 live births,USA,United States,2012,2012,6,,
MATIINFA,"Infant mortality, No minimum threshold of gestation period or birthweight",RATEPTTX,Deaths per 1 000 live births,USA,United States,2013,2013,6,,
MATIINFA,"Infant mortality, No minimum threshold of gestation period or birthweight",RATEPTTX,Deaths per 1 000 live births,USA,United States,2014,2014,5.8,,
MATIINFA,"Infant mortality, No minimum threshold of gestation period or birthweight",RATEPTTX,Deaths per 1 000 live births,USA,United States,2015,2015,5.9,,
MATIINFA,"Infant mortality, No minimum threshold of gestation period or birthweight",RATEPTTX,Deaths per 1 000 live births,USA,United States,2016,2016,5.9,,
MATIINFA,"Infant mortality, No minimum threshold of gestation period or birthweight",RATEPTTX,Deaths per 1 000 live births,USA,United States,2017,2017,5.8,,
MATIINFA,"Infant mortality, No minimum threshold of gestation period or birthweight",RATEPTTX,Deaths per 1 000 live births,BRA,Brazil,2005,2005,22.1,,
MATIINFA,"Infant mortality, No minimum threshold of gestation period or birthweight",RATEPTTX,Deaths per 1 000 live births,BRA,Brazil,2006,2006,20.7,,
MATIINFA,"Infant mortality, No minimum threshold of gestation period or birthweight",RATEPTTX,Deaths per 1 000 live births,BRA,Brazil,2007,2007,19.5,,
MATIINFA,"Infant mortality, No minimum threshold of gestation period or birthweight",RATEPTTX,Deaths per 1 000 live births,BRA,Brazil,2008,2008,18.4,,
MATIINFA,"Infant mortality, No minimum threshold of gestation period or birthweight",RATEPTTX,Deaths per 1 000 live births,BRA,Brazil,2009,2009,17.5,,
MATIINFA,"Infant mortality, No minimum threshold of gestation period or birthweight",RATEPTTX,Deaths per 1 000 live births,BRA,Brazil,2010,2010,16.7,,
MATIINFA,"Infant mortality, No minimum threshold of gestation period or birthweight",RATEPTTX,Deaths per 1 000 live births,BRA,Brazil,2011,2011,16,,
MATIINFA,"Infant mortality, No minimum threshold of gestation period or birthweight",RATEPTTX,Deaths per 1 000 live births,BRA,Brazil,2012,2012,15.4,,
MATIINFA,"Infant mortality, No minimum threshold of gestation period or birthweight",RATEPTTX,Deaths per 1 000 live births,BRA,Brazil,2013,2013,14.9,,
MATIINFA,"Infant mortality, No minimum threshold of gestation period or birthweight",RATEPTTX,Deaths per 1 000 live births,BRA,Brazil,2014,2014,14.5,,
MATIINFA,"Infant mortality, No minimum threshold of gestation period or birthweight",RATEPTTX,Deaths per 1 000 live births,BRA,Brazil,2015,2015,14,,
MATIINFA,"Infant mortality, No minimum threshold of gestation period or birthweight",RATEPTTX,Deaths per 1 000 live births,BRA,Brazil,2016,2016,14.6,,
MATIINFA,"Infant mortality, No minimum threshold of gestation period or birthweight",RATEPTTX,Deaths per 1 000 live births,BRA,Brazil,2017,2017,13.2,,
MATIINFA,"Infant mortality, No minimum threshold of gestation period or birthweight",RATEPTTX,Deaths per 1 000 live births,BRA,Brazil,2018,2018,12.8,,
MATIINFA,"Infant mortality, No minimum threshold of gestation period or birthweight",RATEPTTX,Deaths per 1 000 live births,CHL,Chile,2005,2005,7.9,,
MATIINFA,"Infant mortality, No minimum threshold of gestation period or birthweight",RATEPTTX,Deaths per 1 000 live births,CHL,Chile,2006,2006,7.6,,
MATIINFA,"Infant mortality, No minimum threshold of gestation period or birthweight",RATEPTTX,Deaths per 1 000 live births,CHL,Chile,2007,2007,8.3,,
MATIINFA,"Infant mortality, No minimum threshold of gestation period or birthweight",RATEPTTX,Deaths per 1 000 live births,CHL,Chile,2008,2008,7.8,,
MATIINFA,"Infant mortality, No minimum threshold of gestation period or birthweight",RATEPTTX,Deaths per 1 000 live births,CHL,Chile,2009,2009,7.9,,
MATIINFA,"Infant mortality, No minimum threshold of gestation period or birthweight",RATEPTTX,Deaths per 1 000 live births,CHL,Chile,2010,2010,7.4,,
MATIINFA,"Infant mortality, No minimum threshold of gestation period or birthweight",RATEPTTX,Deaths per 1 000 live births,CHL,Chile,2011,2011,7.7,,
MATIINFA,"Infant mortality, No minimum threshold of gestation period or birthweight",RATEPTTX,Deaths per 1 000 live births,CHL,Chile,2012,2012,7.4,,
MATIINFA,"Infant mortality, No minimum threshold of gestation period or birthweight",RATEPTTX,Deaths per 1 000 live births,CHL,Chile,2013,2013,7,,
MATIINFA,"Infant mortality, No minimum threshold of gestation period or birthweight",RATEPTTX,Deaths per 1 000 live births,CHL,Chile,2014,2014,7.2,,
MATIINFA,"Infant mortality, No minimum threshold of gestation period or birthweight",RATEPTTX,Deaths per 1 000 live births,CHL,Chile,2015,2015,6.9,,
MATIINFA,"Infant mortality, No minimum threshold of gestation period or birthweight",RATEPTTX,Deaths per 1 000 live births,CHL,Chile,2016,2016,7,,
MATIINFA,"Infant mortality, No minimum threshold of gestation period or birthweight",RATEPTTX,Deaths per 1 000 live births,CHL,Chile,2017,2017,7.1,,
MATIINFA,"Infant mortality, No minimum threshold of gestation period or birthweight",RATEPTTX,Deaths per 1 000 live births,CHL,Chile,2018,2018,6.6,P,Provisional value
MATIINFA,"Infant mortality, No minimum threshold of gestation period or birthweight",RATEPTTX,Deaths per 1 000 live births,CHN,China (People's Republic of),2005,2005,20.3,,
MATIINFA,"Infant mortality, No minimum threshold of gestation period or birthweight",RATEPTTX,Deaths per 1 000 live births,CHN,China (People's Republic of),2006,2006,18.7,,
MATIINFA,"Infant mortality, No minimum threshold of gestation period or birthweight",RATEPTTX,Deaths per 1 000 live births,CHN,China (People's Republic of),2007,2007,17.2,,
MATIINFA,"Infant mortality, No minimum threshold of gestation period or birthweight",RATEPTTX,Deaths per 1 000 live births,CHN,China (People's Republic of),2008,2008,15.8,,
MATIINFA,"Infant mortality, No minimum threshold of gestation period or birthweight",RATEPTTX,Deaths per 1 000 live births,CHN,China (People's Republic of),2009,2009,14.6,,
MATIINFA,"Infant mortality, No minimum threshold of gestation period or birthweight",RATEPTTX,Deaths per 1 000 live births,CHN,China (People's Republic of),2010,2010,13.6,,
MATIINFA,"Infant mortality, No minimum threshold of gestation period or birthweight",RATEPTTX,Deaths per 1 000 live births,CHN,China (People's Republic of),2011,2011,12.6,,
MATIINFA,"Infant mortality, No minimum threshold of gestation period or birthweight",RATEPTTX,Deaths per 1 000 live births,CHN,China (People's Republic of),2012,2012,11.6,,
MATIINFA,"Infant mortality, No minimum threshold of gestation period or birthweight",RATEPTTX,Deaths per 1 000 live births,CHN,China (People's Republic of),2013,2013,10.8,,
MATIINFA,"Infant mortality, No minimum threshold of gestation period or birthweight",RATEPTTX,Deaths per 1 000 live births,CHN,China (People's Republic of),2014,2014,10,,
MATIINFA,"Infant mortality, No minimum threshold of gestation period or birthweight",RATEPTTX,Deaths per 1 000 live births,CHN,China (People's Republic of),2015,2015,9.2,,
MATIINFA,"Infant mortality, No minimum threshold of gestation period or birthweight",RATEPTTX,Deaths per 1 000 live births,CHN,China (People's Republic of),2016,2016,8.5,,
MATIINFA,"Infant mortality, No minimum threshold of gestation period or birthweight",RATEPTTX,Deaths per 1 000 live births,CHN,China (People's Republic of),2017,2017,7.9,,
MATIINFA,"Infant mortality, No minimum threshold of gestation period or birthweight",RATEPTTX,Deaths per 1 000 live births,CHN,China (People's Republic of),2018,2018,7.4,,
MATIINFA,"Infant mortality, No minimum threshold of gestation period or birthweight",RATEPTTX,Deaths per 1 000 live births,EST,Estonia,2005,2005,5.4,,
MATIINFA,"Infant mortality, No minimum threshold of gestation period or birthweight",RATEPTTX,Deaths per 1 000 live births,EST,Estonia,2006,2006,4.4,,
MATIINFA,"Infant mortality, No minimum threshold of gestation period or birthweight",RATEPTTX,Deaths per 1 000 live births,EST,Estonia,2007,2007,5,,
MATIINFA,"Infant mortality, No minimum threshold of gestation period or birthweight",RATEPTTX,Deaths per 1 000 live births,EST,Estonia,2008,2008,5,,
MATIINFA,"Infant mortality, No minimum threshold of gestation period or birthweight",RATEPTTX,Deaths per 1 000 live births,EST,Estonia,2009,2009,3.6,,
MATIINFA,"Infant mortality, No minimum threshold of gestation period or birthweight",RATEPTTX,Deaths per 1 000 live births,EST,Estonia,2010,2010,3.3,,
MATIINFA,"Infant mortality, No minimum threshold of gestation period or birthweight",RATEPTTX,Deaths per 1 000 live births,EST,Estonia,2011,2011,2.5,,
MATIINFA,"Infant mortality, No minimum threshold of gestation period or birthweight",RATEPTTX,Deaths per 1 000 live births,EST,Estonia,2012,2012,3.6,,
MATIINFA,"Infant mortality, No minimum threshold of gestation period or birthweight",RATEPTTX,Deaths per 1 000 live births,EST,Estonia,2013,2013,2.1,,
MATIINFA,"Infant mortality, No minimum threshold of gestation period or birthweight",RATEPTTX,Deaths per 1 000 live births,EST,Estonia,2014,2014,2.7,,
MATIINFA,"Infant mortality, No minimum threshold of gestation period or birthweight",RATEPTTX,Deaths per 1 000 live births,EST,Estonia,2015,2015,2.5,,
MATIINFA,"Infant mortality, No minimum threshold of gestation period or birthweight",RATEPTTX,Deaths per 1 000 live births,EST,Estonia,2016,2016,2.3,,
MATIINFA,"Infant mortality, No minimum threshold of gestation period or birthweight",RATEPTTX,Deaths per 1 000 live births,EST,Estonia,2017,2017,2.3,,
MATIINFA,"Infant mortality, No minimum threshold of gestation period or birthweight",RATEPTTX,Deaths per 1 000 live births,EST,Estonia,2018,2018,1.6,,
MATIINFA,"Infant mortality, No minimum threshold of gestation period or birthweight",RATEPTTX,Deaths per 1 000 live births,IND,India,2005,2005,55.7,,
MATIINFA,"Infant mortality, No minimum threshold of gestation period or birthweight",RATEPTTX,Deaths per 1 000 live births,IND,India,2006,2006,53.6,,
MATIINFA,"Infant mortality, No minimum threshold of gestation period or birthweight",RATEPTTX,Deaths per 1 000 live births,IND,India,2007,2007,51.5,,
MATIINFA,"Infant mortality, No minimum threshold of gestation period or birthweight",RATEPTTX,Deaths per 1 000 live births,IND,India,2008,2008,49.4,,
MATIINFA,"Infant mortality, No minimum threshold of gestation period or birthweight",RATEPTTX,Deaths per 1 000 live births,IND,India,2009,2009,47.3,,
MATIINFA,"Infant mortality, No minimum threshold of gestation period or birthweight",RATEPTTX,Deaths per 1 000 live births,IND,India,2010,2010,45.1,,
MATIINFA,"Infant mortality, No minimum threshold of gestation period or birthweight",RATEPTTX,Deaths per 1 000 live births,IND,India,2011,2011,43,,
MATIINFA,"Infant mortality, No minimum threshold of gestation period or birthweight",RATEPTTX,Deaths per 1 000 live births,IND,India,2012,2012,40.9,,
MATIINFA,"Infant mortality, No minimum threshold of gestation period or birthweight",RATEPTTX,Deaths per 1 000 live births,IND,India,2013,2013,38.9,,
MATIINFA,"Infant mortality, No minimum threshold of gestation period or birthweight",RATEPTTX,Deaths per 1 000 live births,IND,India,2014,2014,36.9,,
MATIINFA,"Infant mortality, No minimum threshold of gestation period or birthweight",RATEPTTX,Deaths per 1 000 live births,IND,India,2015,2015,35,,
MATIINFA,"Infant mortality, No minimum threshold of gestation period or birthweight",RATEPTTX,Deaths per 1 000 live births,IND,India,2016,2016,33.2,,
MATIINFA,"Infant mortality, No minimum threshold of gestation period or birthweight",RATEPTTX,Deaths per 1 000 live births,IND,India,2017,2017,31.5,,
MATIINFA,"Infant mortality, No minimum threshold of gestation period or birthweight",RATEPTTX,Deaths per 1 000 live births,IND,India,2018,2018,29.9,,
MATIINFA,"Infant mortality, No minimum threshold of gestation period or birthweight",RATEPTTX,Deaths per 1 000 live births,IDN,Indonesia,2005,2005,33.8,,
MATIINFA,"Infant mortality, No minimum threshold of gestation period or birthweight",RATEPTTX,Deaths per 1 000 live births,IDN,Indonesia,2006,2006,32.5,,
MATIINFA,"Infant mortality, No minimum threshold of gestation period or birthweight",RATEPTTX,Deaths per 1 000 live births,IDN,Indonesia,2007,2007,31.3,,
MATIINFA,"Infant mortality, No minimum threshold of gestation period or birthweight",RATEPTTX,Deaths per 1 000 live births,IDN,Indonesia,2008,2008,30.2,,
MATIINFA,"Infant mortality, No minimum threshold of gestation period or birthweight",RATEPTTX,Deaths per 1 000 live births,IDN,Indonesia,2009,2009,29.2,,
MATIINFA,"Infant mortality, No minimum threshold of gestation period or birthweight",RATEPTTX,Deaths per 1 000 live births,IDN,Indonesia,2010,2010,28.1,,
MATIINFA,"Infant mortality, No minimum threshold of gestation period or birthweight",RATEPTTX,Deaths per 1 000 live births,IDN,Indonesia,2011,2011,27.1,,
MATIINFA,"Infant mortality, No minimum threshold of gestation period or birthweight",RATEPTTX,Deaths per 1 000 live births,IDN,Indonesia,2012,2012,26.2,,
MATIINFA,"Infant mortality, No minimum threshold of gestation period or birthweight",RATEPTTX,Deaths per 1 000 live births,IDN,Indonesia,2013,2013,25.3,,
MATIINFA,"Infant mortality, No minimum threshold of gestation period or birthweight",RATEPTTX,Deaths per 1 000 live births,IDN,Indonesia,2014,2014,24.3,,
MATIINFA,"Infant mortality, No minimum threshold of gestation period or birthweight",RATEPTTX,Deaths per 1 000 live births,IDN,Indonesia,2015,2015,23.5,,
MATIINFA,"Infant mortality, No minimum threshold of gestation period or birthweight",RATEPTTX,Deaths per 1 000 live births,IDN,Indonesia,2016,2016,22.6,,
MATIINFA,"Infant mortality, No minimum threshold of gestation period or birthweight",RATEPTTX,Deaths per 1 000 live births,IDN,Indonesia,2017,2017,21.9,,
MATIINFA,"Infant mortality, No minimum threshold of gestation period or birthweight",RATEPTTX,Deaths per 1 000 live births,IDN,Indonesia,2018,2018,21.1,,
MATIINFA,"Infant mortality, No minimum threshold of gestation period or birthweight",RATEPTTX,Deaths per 1 000 live births,ISR,Israel,2005,2005,4.4,,
MATIINFA,"Infant mortality, No minimum threshold of gestation period or birthweight",RATEPTTX,Deaths per 1 000 live births,ISR,Israel,2006,2006,4,,
MATIINFA,"Infant mortality, No minimum threshold of gestation period or birthweight",RATEPTTX,Deaths per 1 000 live births,ISR,Israel,2007,2007,3.9,,
MATIINFA,"Infant mortality, No minimum threshold of gestation period or birthweight",RATEPTTX,Deaths per 1 000 live births,ISR,Israel,2008,2008,3.8,,
MATIINFA,"Infant mortality, No minimum threshold of gestation period or birthweight",RATEPTTX,Deaths per 1 000 live births,ISR,Israel,2009,2009,3.8,,
MATIINFA,"Infant mortality, No minimum threshold of gestation period or birthweight",RATEPTTX,Deaths per 1 000 live births,ISR,Israel,2010,2010,3.7,,
MATIINFA,"Infant mortality, No minimum threshold of gestation period or birthweight",RATEPTTX,Deaths per 1 000 live births,ISR,Israel,2011,2011,3.5,,
MATIINFA,"Infant mortality, No minimum threshold of gestation period or birthweight",RATEPTTX,Deaths per 1 000 live births,ISR,Israel,2012,2012,3.6,,
MATIINFA,"Infant mortality, No minimum threshold of gestation period or birthweight",RATEPTTX,Deaths per 1 000 live births,ISR,Israel,2013,2013,3.1,,
MATIINFA,"Infant mortality, No minimum threshold of gestation period or birthweight",RATEPTTX,Deaths per 1 000 live births,ISR,Israel,2014,2014,3.1,,
MATIINFA,"Infant mortality, No minimum threshold of gestation period or birthweight",RATEPTTX,Deaths per 1 000 live births,ISR,Israel,2015,2015,3.1,,
MATIINFA,"Infant mortality, No minimum threshold of gestation period or birthweight",RATEPTTX,Deaths per 1 000 live births,ISR,Israel,2016,2016,3.1,,
MATIINFA,"Infant mortality, No minimum threshold of gestation period or birthweight",RATEPTTX,Deaths per 1 000 live births,ISR,Israel,2017,2017,3.1,,
MATIINFA,"Infant mortality, No minimum threshold of gestation period or birthweight",RATEPTTX,Deaths per 1 000 live births,ISR,Israel,2018,2018,3,,
MATIINFA,"Infant mortality, No minimum threshold of gestation period or birthweight",RATEPTTX,Deaths per 1 000 live births,RUS,Russia,2005,2005,11,,
MATIINFA,"Infant mortality, No minimum threshold of gestation period or birthweight",RATEPTTX,Deaths per 1 000 live births,RUS,Russia,2006,2006,10.2,,
MATIINFA,"Infant mortality, No minimum threshold of gestation period or birthweight",RATEPTTX,Deaths per 1 000 live births,RUS,Russia,2007,2007,9.4,,
MATIINFA,"Infant mortality, No minimum threshold of gestation period or birthweight",RATEPTTX,Deaths per 1 000 live births,RUS,Russia,2008,2008,8.5,,
MATIINFA,"Infant mortality, No minimum threshold of gestation period or birthweight",RATEPTTX,Deaths per 1 000 live births,RUS,Russia,2009,2009,8.1,,
MATIINFA,"Infant mortality, No minimum threshold of gestation period or birthweight",RATEPTTX,Deaths per 1 000 live births,RUS,Russia,2010,2010,7.5,,
MATIINFA,"Infant mortality, No minimum threshold of gestation period or birthweight",RATEPTTX,Deaths per 1 000 live births,RUS,Russia,2011,2011,7.4,,
MATIINFA,"Infant mortality, No minimum threshold of gestation period or birthweight",RATEPTTX,Deaths per 1 000 live births,RUS,Russia,2012,2012,8.6,B,Break
MATIINFA,"Infant mortality, No minimum threshold of gestation period or birthweight",RATEPTTX,Deaths per 1 000 live births,RUS,Russia,2013,2013,8.2,,
MATIINFA,"Infant mortality, No minimum threshold of gestation period or birthweight",RATEPTTX,Deaths per 1 000 live births,RUS,Russia,2014,2014,7.4,B,Break
MATIINFA,"Infant mortality, No minimum threshold of gestation period or birthweight",RATEPTTX,Deaths per 1 000 live births,RUS,Russia,2015,2015,6.5,,
MATIINFA,"Infant mortality, No minimum threshold of gestation period or birthweight",RATEPTTX,Deaths per 1 000 live births,RUS,Russia,2016,2016,6,,
MATIINFA,"Infant mortality, No minimum threshold of gestation period or birthweight",RATEPTTX,Deaths per 1 000 live births,RUS,Russia,2017,2017,5.6,,
MATIINFA,"Infant mortality, No minimum threshold of gestation period or birthweight",RATEPTTX,Deaths per 1 000 live births,RUS,Russia,2018,2018,5.1,,
MATIINFA,"Infant mortality, No minimum threshold of gestation period or birthweight",RATEPTTX,Deaths per 1 000 live births,SVN,Slovenia,2005,2005,4.1,,
MATIINFA,"Infant mortality, No minimum threshold of gestation period or birthweight",RATEPTTX,Deaths per 1 000 live births,SVN,Slovenia,2006,2006,3.4,,
MATIINFA,"Infant mortality, No minimum threshold of gestation period or birthweight",RATEPTTX,Deaths per 1 000 live births,SVN,Slovenia,2007,2007,2.8,,
MATIINFA,"Infant mortality, No minimum threshold of gestation period or birthweight",RATEPTTX,Deaths per 1 000 live births,SVN,Slovenia,2008,2008,2.4,,
MATIINFA,"Infant mortality, No minimum threshold of gestation period or birthweight",RATEPTTX,Deaths per 1 000 live births,SVN,Slovenia,2009,2009,2.4,,
MATIINFA,"Infant mortality, No minimum threshold of gestation period or birthweight",RATEPTTX,Deaths per 1 000 live births,SVN,Slovenia,2010,2010,2.5,,
MATIINFA,"Infant mortality, No minimum threshold of gestation period or birthweight",RATEPTTX,Deaths per 1 000 live births,SVN,Slovenia,2011,2011,2.9,,
MATIINFA,"Infant mortality, No minimum threshold of gestation period or birthweight",RATEPTTX,Deaths per 1 000 live births,SVN,Slovenia,2012,2012,1.6,,
MATIINFA,"Infant mortality, No minimum threshold of gestation period or birthweight",RATEPTTX,Deaths per 1 000 live births,SVN,Slovenia,2013,2013,2.9,,
MATIINFA,"Infant mortality, No minimum threshold of gestation period or birthweight",RATEPTTX,Deaths per 1 000 live births,SVN,Slovenia,2014,2014,1.8,,
MATIINFA,"Infant mortality, No minimum threshold of gestation period or birthweight",RATEPTTX,Deaths per 1 000 live births,SVN,Slovenia,2015,2015,1.6,,
MATIINFA,"Infant mortality, No minimum threshold of gestation period or birthweight",RATEPTTX,Deaths per 1 000 live births,SVN,Slovenia,2016,2016,2,,
MATIINFA,"Infant mortality, No minimum threshold of gestation period or birthweight",RATEPTTX,Deaths per 1 000 live births,SVN,Slovenia,2017,2017,2.1,,
MATIINFA,"Infant mortality, No minimum threshold of gestation period or birthweight",RATEPTTX,Deaths per 1 000 live births,SVN,Slovenia,2018,2018,1.7,,
MATIINFA,"Infant mortality, No minimum threshold of gestation period or birthweight",RATEPTTX,Deaths per 1 000 live births,ZAF,South Africa,2005,2005,49.7,,
MATIINFA,"Infant mortality, No minimum threshold of gestation period or birthweight",RATEPTTX,Deaths per 1 000 live births,ZAF,South Africa,2006,2006,48.1,,
MATIINFA,"Infant mortality, No minimum threshold of gestation period or birthweight",RATEPTTX,Deaths per 1 000 live births,ZAF,South Africa,2007,2007,45.5,,
MATIINFA,"Infant mortality, No minimum threshold of gestation period or birthweight",RATEPTTX,Deaths per 1 000 live births,ZAF,South Africa,2008,2008,42.9,,
MATIINFA,"Infant mortality, No minimum threshold of gestation period or birthweight",RATEPTTX,Deaths per 1 000 live births,ZAF,South Africa,2009,2009,40.3,,
MATIINFA,"Infant mortality, No minimum threshold of gestation period or birthweight",RATEPTTX,Deaths per 1 000 live births,ZAF,South Africa,2010,2010,38.2,,
MATIINFA,"Infant mortality, No minimum threshold of gestation period or birthweight",RATEPTTX,Deaths per 1 000 live births,ZAF,South Africa,2011,2011,36.6,,
MATIINFA,"Infant mortality, No minimum threshold of gestation period or birthweight",RATEPTTX,Deaths per 1 000 live births,ZAF,South Africa,2012,2012,35.3,,
MATIINFA,"Infant mortality, No minimum threshold of gestation period or birthweight",RATEPTTX,Deaths per 1 000 live births,ZAF,South Africa,2013,2013,34.1,,
MATIINFA,"Infant mortality, No minimum threshold of gestation period or birthweight",RATEPTTX,Deaths per 1 000 live births,ZAF,South Africa,2014,2014,32.9,,
MATIINFA,"Infant mortality, No minimum threshold of gestation period or birthweight",RATEPTTX,Deaths per 1 000 live births,ZAF,South Africa,2015,2015,31.4,,
MATIINFA,"Infant mortality, No minimum threshold of gestation period or birthweight",RATEPTTX,Deaths per 1 000 live births,ZAF,South Africa,2016,2016,30.7,,
MATIINFA,"Infant mortality, No minimum threshold of gestation period or birthweight",RATEPTTX,Deaths per 1 000 live births,ZAF,South Africa,2017,2017,29.6,,
MATIINFA,"Infant mortality, No minimum threshold of gestation period or birthweight",RATEPTTX,Deaths per 1 000 live births,ZAF,South Africa,2018,2018,28.5,,
MATIINFA,"Infant mortality, No minimum threshold of gestation period or birthweight",RATEPTTX,Deaths per 1 000 live births,CRI,Costa Rica,2005,2005,9.8,,
MATIINFA,"Infant mortality, No minimum threshold of gestation period or birthweight",RATEPTTX,Deaths per 1 000 live births,CRI,Costa Rica,2006,2006,9.7,,
MATIINFA,"Infant mortality, No minimum threshold of gestation period or birthweight",RATEPTTX,Deaths per 1 000 live births,CRI,Costa Rica,2007,2007,10.1,,
MATIINFA,"Infant mortality, No minimum threshold of gestation period or birthweight",RATEPTTX,Deaths per 1 000 live births,CRI,Costa Rica,2008,2008,9,,
MATIINFA,"Infant mortality, No minimum threshold of gestation period or birthweight",RATEPTTX,Deaths per 1 000 live births,CRI,Costa Rica,2009,2009,8.8,,
MATIINFA,"Infant mortality, No minimum threshold of gestation period or birthweight",RATEPTTX,Deaths per 1 000 live births,CRI,Costa Rica,2010,2010,9.5,,
MATIINFA,"Infant mortality, No minimum threshold of gestation period or birthweight",RATEPTTX,Deaths per 1 000 live births,CRI,Costa Rica,2011,2011,9.1,,
MATIINFA,"Infant mortality, No minimum threshold of gestation period or birthweight",RATEPTTX,Deaths per 1 000 live births,CRI,Costa Rica,2012,2012,8.5,,
MATIINFA,"Infant mortality, No minimum threshold of gestation period or birthweight",RATEPTTX,Deaths per 1 000 live births,CRI,Costa Rica,2013,2013,8.7,,
MATIINFA,"Infant mortality, No minimum threshold of gestation period or birthweight",RATEPTTX,Deaths per 1 000 live births,CRI,Costa Rica,2014,2014,8.1,,
MATIINFA,"Infant mortality, No minimum threshold of gestation period or birthweight",RATEPTTX,Deaths per 1 000 live births,CRI,Costa Rica,2015,2015,7.7,,
MATIINFA,"Infant mortality, No minimum threshold of gestation period or birthweight",RATEPTTX,Deaths per 1 000 live births,CRI,Costa Rica,2016,2016,7.9,,
MATIINFA,"Infant mortality, No minimum threshold of gestation period or birthweight",RATEPTTX,Deaths per 1 000 live births,CRI,Costa Rica,2017,2017,7.9,,
MATIINFA,"Infant mortality, No minimum threshold of gestation period or birthweight",RATEPTTX,Deaths per 1 000 live births,COL,Colombia,2005,2005,20.4,,
MATIINFA,"Infant mortality, No minimum threshold of gestation period or birthweight",RATEPTTX,Deaths per 1 000 live births,COL,Colombia,2006,2006,20,,
MATIINFA,"Infant mortality, No minimum threshold of gestation period or birthweight",RATEPTTX,Deaths per 1 000 live births,COL,Colombia,2007,2007,19.6,,
MATIINFA,"Infant mortality, No minimum threshold of gestation period or birthweight",RATEPTTX,Deaths per 1 000 live births,COL,Colombia,2008,2008,19.2,,
MATIINFA,"Infant mortality, No minimum threshold of gestation period or birthweight",RATEPTTX,Deaths per 1 000 live births,COL,Colombia,2009,2009,18.8,,
MATIINFA,"Infant mortality, No minimum threshold of gestation period or birthweight",RATEPTTX,Deaths per 1 000 live births,COL,Colombia,2010,2010,18.4,,
MATIINFA,"Infant mortality, No minimum threshold of gestation period or birthweight",RATEPTTX,Deaths per 1 000 live births,COL,Colombia,2011,2011,17.8,,
MATIINFA,"Infant mortality, No minimum threshold of gestation period or birthweight",RATEPTTX,Deaths per 1 000 live births,COL,Colombia,2012,2012,17.5,,
MATIINFA,"Infant mortality, No minimum threshold of gestation period or birthweight",RATEPTTX,Deaths per 1 000 live births,COL,Colombia,2013,2013,17.2,,
MATIINFA,"Infant mortality, No minimum threshold of gestation period or birthweight",RATEPTTX,Deaths per 1 000 live births,COL,Colombia,2014,2014,17.2,,
MATIINFA,"Infant mortality, No minimum threshold of gestation period or birthweight",RATEPTTX,Deaths per 1 000 live births,COL,Colombia,2015,2015,17.1,,
MATIINFA,"Infant mortality, No minimum threshold of gestation period or birthweight",RATEPTTX,Deaths per 1 000 live births,COL,Colombia,2016,2016,16.8,,
MATIINFA,"Infant mortality, No minimum threshold of gestation period or birthweight",RATEPTTX,Deaths per 1 000 live births,LTU,Lithuania,2005,2005,7.1,,
MATIINFA,"Infant mortality, No minimum threshold of gestation period or birthweight",RATEPTTX,Deaths per 1 000 live births,LTU,Lithuania,2006,2006,7.2,,
MATIINFA,"Infant mortality, No minimum threshold of gestation period or birthweight",RATEPTTX,Deaths per 1 000 live births,LTU,Lithuania,2007,2007,6.3,,
MATIINFA,"Infant mortality, No minimum threshold of gestation period or birthweight",RATEPTTX,Deaths per 1 000 live births,LTU,Lithuania,2008,2008,5.5,,
MATIINFA,"Infant mortality, No minimum threshold of gestation period or birthweight",RATEPTTX,Deaths per 1 000 live births,LTU,Lithuania,2009,2009,5.6,,
MATIINFA,"Infant mortality, No minimum threshold of gestation period or birthweight",RATEPTTX,Deaths per 1 000 live births,LTU,Lithuania,2010,2010,5,,
MATIINFA,"Infant mortality, No minimum threshold of gestation period or birthweight",RATEPTTX,Deaths per 1 000 live births,LTU,Lithuania,2011,2011,4.8,,
MATIINFA,"Infant mortality, No minimum threshold of gestation period or birthweight",RATEPTTX,Deaths per 1 000 live births,LTU,Lithuania,2012,2012,3.9,,
MATIINFA,"Infant mortality, No minimum threshold of gestation period or birthweight",RATEPTTX,Deaths per 1 000 live births,LTU,Lithuania,2013,2013,3.7,,
MATIINFA,"Infant mortality, No minimum threshold of gestation period or birthweight",RATEPTTX,Deaths per 1 000 live births,LTU,Lithuania,2014,2014,3.9,,
MATIINFA,"Infant mortality, No minimum threshold of gestation period or birthweight",RATEPTTX,Deaths per 1 000 live births,LTU,Lithuania,2015,2015,4.2,,
MATIINFA,"Infant mortality, No minimum threshold of gestation period or birthweight",RATEPTTX,Deaths per 1 000 live births,LTU,Lithuania,2016,2016,4.5,,
MATIINFA,"Infant mortality, No minimum threshold of gestation period or birthweight",RATEPTTX,Deaths per 1 000 live births,LTU,Lithuania,2017,2017,3,,
MATIINFA,"Infant mortality, No minimum threshold of gestation period or birthweight",RATEPTTX,Deaths per 1 000 live births,LTU,Lithuania,2018,2018,3.4,,
MATIINFA,"Infant mortality, No minimum threshold of gestation period or birthweight",RATEPTTX,Deaths per 1 000 live births,LVA,Latvia,2005,2005,7.7,,
MATIINFA,"Infant mortality, No minimum threshold of gestation period or birthweight",RATEPTTX,Deaths per 1 000 live births,LVA,Latvia,2006,2006,7.4,,
MATIINFA,"Infant mortality, No minimum threshold of gestation period or birthweight",RATEPTTX,Deaths per 1 000 live births,LVA,Latvia,2007,2007,8.5,,
MATIINFA,"Infant mortality, No minimum threshold of gestation period or birthweight",RATEPTTX,Deaths per 1 000 live births,LVA,Latvia,2008,2008,6.6,,
MATIINFA,"Infant mortality, No minimum threshold of gestation period or birthweight",RATEPTTX,Deaths per 1 000 live births,LVA,Latvia,2009,2009,7.6,,
MATIINFA,"Infant mortality, No minimum threshold of gestation period or birthweight",RATEPTTX,Deaths per 1 000 live births,LVA,Latvia,2010,2010,5.6,,
MATIINFA,"Infant mortality, No minimum threshold of gestation period or birthweight",RATEPTTX,Deaths per 1 000 live births,LVA,Latvia,2011,2011,6.6,,
MATIINFA,"Infant mortality, No minimum threshold of gestation period or birthweight",RATEPTTX,Deaths per 1 000 live births,LVA,Latvia,2012,2012,6.3,,
MATIINFA,"Infant mortality, No minimum threshold of gestation period or birthweight",RATEPTTX,Deaths per 1 000 live births,LVA,Latvia,2013,2013,4.4,,
MATIINFA,"Infant mortality, No minimum threshold of gestation period or birthweight",RATEPTTX,Deaths per 1 000 live births,LVA,Latvia,2014,2014,3.8,,
MATIINFA,"Infant mortality, No minimum threshold of gestation period or birthweight",RATEPTTX,Deaths per 1 000 live births,LVA,Latvia,2015,2015,4.1,,
MATIINFA,"Infant mortality, No minimum threshold of gestation period or birthweight",RATEPTTX,Deaths per 1 000 live births,LVA,Latvia,2016,2016,3.7,,
MATIINFA,"Infant mortality, No minimum threshold of gestation period or birthweight",RATEPTTX,Deaths per 1 000 live births,LVA,Latvia,2017,2017,4.1,,
MATIINFA,"Infant mortality, No minimum threshold of gestation period or birthweight",RATEPTTX,Deaths per 1 000 live births,LVA,Latvia,2018,2018,3.2,,
